obsID,birdID,day,min,speed,area,movement_time,movement_ratio,distance,c3,c8,c16
1187,166,186,997,0.050990195,8.678448,4.782812e+00,0.253981,37.662817,1,1,1
1188,166,186,997,0.112249722,6.528953,9.226748e-01,0.027238,33.874738,1,1,1
1415,166,187,1009,0.954672719,21.854623,4.335382e+00,0.408618,21.219737,2,2,2
1417,166,187,1010,0.128452326,24.510703,9.040509e+00,0.339135,26.657568,2,3,3
1418,166,187,1010,0.464435141,11.252720,1.337980e+00,0.129811,20.614268,1,3,4
1419,166,187,1010,0.123693169,11.252720,5.180765e-01,0.044469,23.300567,1,4,5
1421,166,187,1011,0.667682559,13.614357,2.392918e+00,0.197616,24.217882,2,2,2
1424,166,187,1012,0.154272486,24.855181,2.607983e+00,0.220066,23.701820,2,2,2
1428,166,187,1013,0.71484264,62.942711,6.327441e+00,0.317530,39.854139,2,2,2
1430,166,187,1013,0.133790882,71.853302,2.900834e+01,0.702727,41.279701,2,2,2
1431,166,187,1014,0.480520551,44.424743,1.907477e+01,0.546380,34.911208,1,3,6
1435,166,187,1015,0.161554944,11.803957,2.988010e+00,0.364395,16.399848,1,1,1
1443,166,187,1017,0.207123152,10.597750,1.243127e+00,0.128345,19.371676,1,1,1
1444,166,187,1017,0.158429795,11.804516,8.377308e-01,0.080145,20.905327,1,1,1
1445,166,187,1017,0.090553851,25.121606,9.928851e+00,0.340999,29.116951,1,4,5
1446,166,187,1018,0.267768557,25.121606,6.494930e+00,0.199852,32.498766,1,4,5
1447,166,187,1018,0.201494417,51.142099,3.637484e+00,0.214894,33.853798,1,4,5
1448,166,187,1018,0.124498996,70.516671,6.225022e+00,0.349879,35.583903,1,4,5
1449,166,187,1018,0.155241747,87.687359,1.183911e+01,0.309582,38.242250,1,4,5
1450,166,187,1019,0.604648658,84.933780,6.085846e+00,0.323836,37.586020,1,4,5
1409,166,187,1008,0.057445626,12.950762,1.236519e+01,0.431790,28.637045,1,5,7
1618,166,188,791,0.684397545,807.935500,1.463907e+00,0.396794,110.680224,2,3,3
1628,166,188,794,0.22181073,11.144388,4.851197e+00,0.539537,17.982813,2,2,2
1630,166,188,794,0.076811457,14.360547,6.697889e+00,0.687420,19.487039,2,2,2
1631,166,188,795,0.319687347,33.917937,6.185939e+00,0.553476,22.353064,2,2,2
1632,166,188,795,0.404474968,38.812745,6.929127e+00,0.581648,23.825858,2,2,2
1635,166,188,796,0.074833148,36.039493,8.941498e+00,0.822112,21.752503,2,2,2
1636,166,188,796,0.10198039,23.825965,1.231257e+01,0.775893,15.868916,2,2,2
1619,166,188,791,0.153297097,228.372014,1.052262e+00,0.366606,54.535301,2,2,2
1637,166,188,797,0.325422802,15.595541,1.107227e+01,0.841531,13.157296,2,2,2
1638,166,188,797,0.436463057,14.178257,5.648957e+00,0.838530,13.473476,2,2,2
1641,166,188,798,0.034641016,15.126631,6.399007e+00,0.521088,12.280082,2,2,2
1642,166,188,798,0.182482876,18.013725,3.863368e+00,0.540771,14.288381,2,3,3
1644,166,188,798,0.30016662,24.170853,1.067596e+01,0.635860,16.789805,2,2,2
1649,166,188,800,0.174642492,153.875278,2.047202e+01,0.847512,48.310866,1,4,5
1651,166,188,800,0.257875939,236.374770,3.508128e+01,0.740144,47.397919,2,4,8
1652,166,188,801,0.165529454,176.877000,3.054832e+01,0.705632,43.292165,2,2,9
1663,166,188,804,0.356230263,12.069000,9.174200e+00,0.742745,12.351747,2,2,9
1664,166,188,804,0.211896201,13.612976,5.415081e+00,0.807979,13.404011,2,2,9
1665,166,188,804,0.292232784,266.112105,3.353248e+01,0.913560,73.410571,2,2,9
1668,166,188,805,11.9028526,8207.779858,2.094708e+02,0.827192,506.462206,3,6,10
1669,166,188,805,12.11129225,8240.649838,2.086731e+02,0.828073,503.997020,3,6,10
1670,166,188,805,10.67551404,8272.886281,4.161130e+02,0.827750,502.703734,3,6,10
1624,166,188,793,0.220454077,16.921900,2.642149e+00,0.375847,14.059721,2,2,2
1626,166,188,793,0.150332964,15.357176,3.657403e+00,0.559622,13.070983,2,3,3
1845,166,189,768,0.082462113,0.191820,5.519351e-01,0.485687,2.272801,1,5,7
1846,166,189,768,0.144913767,0.293328,4.790136e-01,0.281379,3.404757,1,5,7
1851,166,189,769,0.128840987,0.357367,1.619361e+00,0.360026,4.497896,1,5,7
1852,166,189,770,0.037416574,0.527718,9.995337e-01,0.400289,4.994061,1,5,7
1853,166,189,770,0.090553851,0.614704,1.812706e-01,0.056581,6.407447,1,5,7
1854,166,189,770,0.071414284,1.112934,1.380958e+00,0.387054,7.135749,1,5,7
1855,166,189,771,0.041231056,6.034099,1.316471e+01,0.744692,17.678054,1,5,7
1856,166,189,771,0.042426407,36.693628,6.992663e+00,0.654237,21.376539,1,5,7
1857,166,189,771,0.104403065,42.071784,7.979854e+00,0.674681,23.655201,1,5,7
1860,166,189,772,0.149666295,61.632970,2.538365e+00,0.158798,31.969772,1,5,7
1863,166,189,773,0.50019996,336.594636,2.286905e+01,0.837799,54.593197,2,2,2
1864,166,189,773,0.733416662,307.242600,3.062775e+01,0.916278,66.852503,2,2,2
529,166,184,541,0.214009346,792.477227,4.107932e+00,0.475399,207.384241,2,2,2
538,166,184,543,0.064031242,9.845520,6.949029e+00,0.922824,15.060348,2,2,2
539,166,184,544,0.274954542,8.678618,1.182115e+01,0.830856,14.227676,2,2,2
543,166,184,545,0.203224014,7.033799,3.320348e+00,0.265862,12.488976,2,2,2
544,166,184,545,0.014142136,3.876711,7.364252e-01,0.162200,9.080478,1,3,6
545,166,184,545,0.072801099,3.876711,6.036826e-01,0.120578,10.013120,2,2,2
546,166,184,545,0.240208243,3.876711,1.121554e+00,0.127996,8.762409,2,2,2
530,166,184,541,0.06164414,257.029907,3.538631e+00,0.829755,59.705401,2,2,2
551,166,184,547,0.115758369,2.865529,2.432685e+00,0.623439,7.804090,2,2,2
552,166,184,547,0.04472136,3.606328,2.480769e+00,0.614605,8.072722,2,2,2
531,166,184,541,0.140712473,14.276308,3.654814e+00,0.560130,19.574801,2,2,2
558,166,184,549,0.780448589,5.765431,6.060970e+00,0.780734,7.763165,2,2,2
560,166,184,549,0.083666003,6.297558,2.673817e+00,0.688462,7.767512,2,2,2
532,166,184,542,0.30528675,6.495345,6.740656e+00,0.468587,14.385062,2,2,2
571,166,184,552,0.171172428,2.466071,8.186574e-01,0.202204,8.097361,1,1,1
572,166,184,552,0.21977261,94.200359,9.009611e+01,0.912708,98.713000,1,1,1
573,166,184,553,0.081240384,1867.676310,3.243009e+02,0.979418,331.115992,1,1,1
537,166,184,543,0.479791621,11.831482,7.067549e+00,0.919543,15.371865,2,2,2
911,166,185,994,0.262488095,61.523488,4.935846e+00,0.339690,29.060923,2,2,2
912,166,185,994,0.546717477,54.420166,6.436894e+00,0.500355,25.729300,2,2,2
914,166,185,995,0.345832329,33.543531,6.279032e+00,0.722895,17.371911,1,3,6
919,166,185,996,0.178325545,30.460439,1.802276e+00,0.248358,21.770320,2,2,2
902,166,185,991,0.082462113,2729.183282,4.325836e+00,0.715460,157.201956,2,2,2
921,166,185,997,0.275317998,34.364221,3.288705e+00,0.211213,31.141117,2,2,2
922,166,185,998,0.064031242,36.802470,9.373071e+00,0.663009,42.411507,2,2,2
923,166,185,998,0.303809151,22.988405,4.675193e+00,0.323611,43.340838,2,2,2
924,166,185,998,0.014142136,34.361785,6.948321e+00,0.318194,43.673511,2,2,2
925,166,185,999,0.39,53.291001,1.440138e+01,0.324911,44.324076,2,2,2
931,166,185,1000,0.309030743,19.811692,5.250236e+00,0.667882,15.722045,2,2,2
935,166,185,1002,0.333916157,55.754804,7.126637e+00,0.546414,26.085109,2,2,2
936,166,185,1002,0.331209903,67.033287,6.725320e+00,0.464975,28.927684,2,2,2
938,166,185,1002,0.330756708,41.185194,1.025285e+01,0.353251,29.024279,2,2,2
945,166,185,1004,0.206639783,22.173148,5.274876e+00,0.476486,22.140725,2,2,2
946,166,185,1004,0.159373775,24.282172,1.066992e+01,0.467628,22.817100,2,2,2
947,166,185,1005,0.080622577,37.608422,6.772557e+00,0.513195,26.393722,2,2,2
948,166,185,1005,0.568066897,32.980836,3.722788e+00,0.297457,25.030752,2,2,2
907,166,185,993,0.170293864,23.948106,6.060057e+00,0.546432,22.180472,2,2,2
1180,166,186,995,1.23971771,11.279979,9.837318e+00,0.359358,54.749380,1,5,7
1189,166,186,998,0.422374242,3.344834,1.826127e+00,0.057592,31.707958,1,1,1
1195,166,186,999,0.243721152,8.281458,6.477136e+00,0.510719,25.364773,1,1,1
1196,166,186,999,0.30757113,8.108072,1.623652e+00,0.045679,35.545057,1,1,1
1198,166,186,1000,0.127279221,4.910502,6.553475e-01,0.048905,26.800720,1,1,1
1181,166,186,995,0.046904158,8.566751,5.167152e-01,0.021928,47.128421,1,1,1
1199,166,186,1000,0.100498756,4.910502,2.066066e+00,0.140360,29.439565,1,1,1
1182,166,186,996,0.214009346,16.516906,3.463472e+00,0.204556,50.795066,1,1,1
1211,166,186,1003,0.072801099,2.094549,2.040732e+00,0.166784,12.235806,1,5,7
1183,166,186,996,0.394208067,17.425848,6.572591e-01,0.031505,41.724743,1,1,1
1224,166,186,1007,0.087749644,5.876419,1.480351e+00,0.233081,12.702473,1,5,7
1225,166,186,1007,0.104880885,10.680049,2.824016e+00,0.367439,15.371364,1,5,7
1226,166,186,1007,0.538144962,22.110158,8.978654e+00,0.472474,19.003487,2,2,2
1227,166,186,1008,0.14,34.226625,6.425282e+00,0.562495,22.845631,1,1,1
1184,166,186,996,0.478434949,16.818186,2.889205e+00,0.155217,37.228013,1,1,1
1185,166,186,997,0.053851648,16.818186,7.414787e+00,0.208396,35.580286,1,1,1
1186,166,186,997,0.156524758,9.352436,4.032252e+00,0.223165,36.136902,1,1,1
1865,166,189,774,0.486723741,274.804363,2.846194e+01,0.879831,64.698642,2,2,2
1869,166,189,775,0.260192237,67.698088,1.102733e+01,0.712472,30.955115,2,2,2
1870,166,189,775,0.024494897,29.054072,6.321107e+00,0.730380,17.309100,2,2,2
1871,166,189,775,0.392300905,34.656388,1.725546e+01,0.833558,20.700986,2,2,2
1872,166,189,776,0.184119526,53.557061,2.024730e+01,0.859539,23.555998,2,2,2
1877,166,189,777,0.147309199,15.675339,4.359359e+00,0.469037,18.588565,1,3,4
1878,166,189,777,0.372021505,12.068716,2.716837e+00,0.339421,16.008638,1,3,6
1881,166,189,778,0.190525589,2.621572,8.210976e-01,0.156988,10.460663,2,2,2
1882,166,189,778,0.377624152,2.896020,9.925183e-01,0.196414,10.106383,2,2,2
1840,166,189,767,0.547083175,121.426560,9.088519e+00,0.172634,52.646264,2,4,11
1842,166,189,767,0.05,46.737558,1.003152e+01,0.813160,24.672936,1,5,7
1843,166,189,767,0.129614814,6.612865,1.823806e+01,0.902798,20.201706,1,5,7
1844,166,189,768,0.03,0.168651,5.539817e-01,0.261699,2.116869,1,5,7
2133,166,190,854,0.407185461,6.789345,1.660008e+00,0.179375,18.508810,2,2,2
2134,166,190,854,0.033166248,5.085662,1.412232e+00,0.081724,17.280566,1,4,5
2135,166,190,855,0.02236068,13.621814,4.599131e+00,0.232915,19.745980,1,3,4
2140,166,190,856,0.278028775,29.015157,5.785274e+00,0.730012,15.849802,2,2,2
2144,166,190,857,0.072801099,14.550095,2.239897e+00,0.277394,16.149571,2,2,2
2145,166,190,858,0.186815417,12.576026,1.727335e+00,0.201414,17.152081,2,2,2
2146,166,190,858,0.412431813,19.334269,3.561723e+00,0.340372,20.928421,1,3,6
2148,166,190,858,0.041231056,37.217499,1.221654e+01,0.582717,20.964809,2,2,2
2150,166,190,859,0.4982971,35.453521,4.875636e+00,0.547082,17.824142,2,4,8
2125,166,190,852,0.433704969,114.382642,5.122897e+00,0.934187,65.805646,2,2,2
2156,166,190,861,0.115758369,46.475164,1.167274e+01,0.558264,20.909011,2,2,2
2157,166,190,861,0.163095064,52.884151,6.814813e+00,0.646758,21.073769,2,2,2
2158,166,190,861,0.239582971,55.238080,5.830268e+00,0.526786,22.135232,2,2,2
2159,166,190,861,0.466690476,59.508156,1.243490e+01,0.487347,25.515477,2,2,2
2160,166,190,862,0.457165178,33.958635,1.033562e+01,0.493960,20.923992,2,2,2
2161,166,190,862,0.145945195,27.897286,3.418300e+00,0.299371,22.836527,1,3,6
2162,166,190,862,0.5800862,10.525255,2.393400e+00,0.329009,14.549143,2,2,2
2166,166,190,863,0.106301458,15.778604,5.557894e+00,0.541662,20.521632,2,2,2
2170,166,190,865,0.116619038,15.028149,1.256306e+01,0.776010,16.189306,2,2,9
2590,166,192,924,0.05,84.492760,2.111297e+01,0.744079,28.374622,2,2,2
2591,166,192,924,0.498096376,74.397980,7.468570e+00,0.645199,23.151197,2,2,2
2592,166,192,924,0.278208555,64.103416,6.571632e+00,0.605603,21.702786,2,2,2
2593,166,192,924,0.26925824,54.145371,1.765442e+01,0.831931,21.221021,2,2,2
2595,166,192,925,0.33015148,29.459691,9.488348e+00,0.904307,20.984787,2,2,2
2596,166,192,925,0.540925133,41.928401,8.663879e+00,0.858999,20.172028,2,2,2
2597,166,192,925,0.243515913,39.042303,7.190905e+00,0.743130,19.353012,2,2,2
2598,166,192,926,0.163095064,39.216912,7.722950e+00,0.755323,20.449399,2,2,2
2582,166,192,921,0.45033321,882.755506,4.764999e+00,0.681014,160.929159,2,2,2
2604,166,192,928,0.405709256,13.625287,7.646942e+00,0.528037,14.481841,2,2,2
2605,166,192,928,0.50009999,8.049881,2.686210e+00,0.456488,11.769033,2,2,2
2606,166,192,928,0.139283883,6.929983,1.664376e+00,0.310476,10.721458,1,1,1
2583,166,192,922,0.100498756,46.160624,8.366017e-01,0.261061,44.864674,1,1,1
2612,166,192,930,0.123693169,0.873569,7.264533e-01,0.394368,3.684139,1,1,1
2619,166,192,932,0.075498344,3.811149,9.261289e-01,0.203946,9.082087,1,1,12
2620,166,192,932,0.06164414,4.311604,5.555432e-01,0.114562,9.698588,1,1,12
2621,166,192,932,0.253574447,4.340057,7.650123e-01,0.268794,8.538263,1,1,12
2622,166,192,933,0.107238053,2.941682,9.721231e-01,0.234403,8.294461,1,1,1
2624,166,192,934,0.140356688,2.139543,9.960363e-01,0.420792,7.101152,1,1,1
2626,166,192,935,0.08660254,0.809012,3.522203e-01,0.285846,3.696607,1,1,1
2627,166,192,935,0.050990195,1.000466,2.964028e-01,0.119943,4.942387,1,1,1
2628,166,192,935,0.115325626,1.026740,4.991422e-01,0.197617,5.051615,1,1,1
2931,166,194,1035,0.216564078,764.937598,1.145939e+00,0.399801,180.575380,2,2,2
2932,166,194,1045,0.06,894.890830,9.192759e-01,0.371291,158.456917,1,7,13
2933,166,194,1056,0.080622577,318.533429,1.334966e+00,0.657005,128.009491,1,7,13
3029,166,195,635,0.054772256,254.297897,1.365714e+00,0.628434,52.156890,2,3,3
3040,166,195,639,0.124498996,98.035232,8.881792e+00,0.886158,40.091242,2,2,2
3041,166,195,640,0.88096538,60.884747,8.447391e+00,0.834672,30.361832,2,2,2
3042,166,195,640,0.088317609,55.203360,9.418614e+00,0.753024,25.015453,2,2,2
3043,166,195,641,0.270370117,44.831942,8.600471e+00,0.742773,23.157725,2,2,2
3048,166,195,642,0.356230263,15.949600,4.370722e+00,0.576786,15.155438,1,3,4
3053,166,195,643,0.160934769,18.329607,1.216260e+00,0.129190,18.828944,2,2,2
3055,166,195,644,0.232163735,22.272819,2.276408e+00,0.267948,16.991415,2,2,2
3058,166,195,645,0.4982971,29.540505,5.835929e+00,0.689522,16.927474,2,2,2
3059,166,195,646,0.123693169,25.682957,1.143432e+01,0.755671,15.131338,2,2,2
3060,166,195,646,0.134907376,37.348227,6.641058e+00,0.718890,18.475863,1,1,1
3061,166,195,646,0.051961524,35.068193,4.361712e+00,0.444339,19.632369,1,1,1
3066,166,195,648,0.328329103,18.908884,3.394907e+00,0.326286,20.809410,2,2,2
3032,166,195,636,0.487442304,21.144423,2.019541e+00,0.216904,18.621514,1,3,4
3067,166,195,648,0.074833148,26.922211,6.096996e+00,0.613526,19.875281,2,2,2
3068,166,195,649,0.01,26.621844,2.468023e+00,0.361437,20.485084,2,2,2
3070,166,195,649,0.380657326,24.126480,2.379846e+00,0.283285,16.801797,2,4,8
3071,166,195,650,0.13,19.667657,2.584849e+00,0.154800,16.698028,1,7,13
3072,166,195,650,0.04,18.867958,2.559539e+00,0.311147,16.452301,1,7,13
3033,166,195,636,0.284429253,20.416982,1.278498e+00,0.130505,19.593157,2,2,2
3077,166,195,651,0.065574385,5.071799,1.982777e+00,0.365883,10.838302,1,7,13
3078,166,195,651,0.108627805,1.316488,7.162487e-01,0.101714,7.041790,1,7,13
3079,166,195,652,0.100498756,1.316488,1.486121e+00,0.625333,4.753051,1,7,13
3082,166,195,653,0.072801099,0.379951,9.923386e-01,0.389532,2.547517,1,7,13
3083,166,195,653,0.200249844,0.198253,1.668898e-01,0.119847,2.785047,1,7,13
3084,166,195,653,0.083066239,0.237275,1.622699e-01,0.102300,3.172421,1,7,13
3085,166,195,653,0.087749644,0.216064,2.562224e-01,0.074523,3.438167,1,7,13
3034,166,195,637,0.128840987,38.189164,8.975054e+00,0.407753,22.011001,2,2,2
3089,166,195,654,0.03,0.320309,3.587396e-01,0.092639,3.872447,1,7,13
3090,166,195,655,0.070710678,0.387120,1.272856e+00,0.356185,3.573576,1,7,13
3091,166,195,655,0.09486833,0.606510,4.417569e-01,0.182972,4.828674,1,7,13
3092,166,195,655,0.129614814,0.606510,2.340083e-01,0.088253,5.303143,1,7,13
3096,166,195,656,0.067082039,0.772466,5.699073e-01,0.235673,4.836414,1,7,13
3035,166,195,637,0.858254042,61.929678,1.258826e+01,0.846366,29.746601,2,2,2
3097,166,195,657,0.024494897,0.492140,9.039892e-01,0.266196,3.395948,1,7,13
3098,166,195,657,0.057445626,0.233654,7.953993e-02,0.063608,2.500926,1,7,13
3099,166,195,657,0.031622777,0.365946,2.601821e-01,0.213703,2.434993,1,7,13
3103,166,195,659,9.224212704,6397.248785,1.572726e+01,0.149203,421.633467,3,6,10
3104,166,195,660,11.79300216,6397.248785,2.343975e+01,0.163889,429.066542,3,6,10
3106,166,195,661,0.017320508,2460.480595,2.750956e+01,0.226196,364.854662,1,1,1
3107,166,195,661,0.743639698,1948.366143,3.736250e+01,0.539795,207.648270,1,1,1
3109,166,195,662,0.111803399,48.769260,4.672781e+00,0.377426,37.141942,1,1,1
3110,166,195,663,0.60506198,53.727884,4.820485e+00,0.591943,32.573954,2,8,14
3111,166,195,664,0.131529464,43.977004,5.665124e+00,0.549373,30.935964,1,1,1
3113,166,195,665,0.321558704,350.993696,2.613884e+00,0.828290,82.049750,1,1,1
3114,166,195,665,0.294788059,350.993696,1.853868e+00,0.818464,81.542079,1,1,1
3247,166,196,653,0.083066239,1585.012162,1.080022e+00,0.303288,220.784929,2,2,2
3390,166,197,726,0.197230829,429.416074,1.236358e+00,0.664996,63.212633,2,2,2
3400,166,197,731,0.284429253,7.463441,4.323226e-01,0.073927,17.543923,1,1,1
3401,166,197,732,0.064031242,7.699350,6.695492e-01,0.154555,17.328414,1,1,1
3402,166,197,732,0.152970585,6.077916,4.788673e-01,0.120716,15.867513,1,1,1
3403,166,197,733,0.11045361,5.967796,5.712422e-01,0.155730,14.672643,1,1,1
3404,166,197,734,0.024494897,4.868848,5.778864e-01,0.201496,11.471902,1,1,1
3405,166,197,735,0.232808935,4.645835,1.055372e+00,0.471835,8.946952,1,1,1
3406,166,197,735,0.107703296,6.627675,5.641335e-01,0.146883,15.362823,1,4,5
3391,166,197,727,0.17,307.933745,1.676077e+00,0.667250,57.774130,1,3,6
3409,166,197,737,0.458475735,6.459870,8.156078e-01,0.127912,19.128893,1,1,1
3410,166,197,737,0.034641016,4.689589,2.391816e-01,0.034860,20.583421,1,1,1
3412,166,197,738,0.106770783,5.407141,1.057701e+00,0.227220,13.964920,1,1,1
3413,166,197,739,0.092736185,3.023808,2.168527e-01,0.060385,10.773503,1,1,1
3415,166,197,740,0.117898261,7.552057,2.415260e+00,0.503124,14.401577,1,1,1
3417,166,197,741,0.156843871,5.696636,8.636699e-02,0.019858,17.396552,1,5,7
3418,166,197,741,0.075498344,9.551746,1.354205e+00,0.239086,16.992240,1,5,7
3420,166,197,743,0.164924225,7.714395,1.265644e+00,0.322878,11.759658,1,5,7
3422,166,197,744,0.192613603,121.600931,3.446724e+01,0.942290,109.734471,1,5,7
3423,166,197,744,0.03,15611.642491,1.075204e+02,0.664140,485.682815,1,1,1
3424,166,197,745,0.033166248,59040.482962,1.976656e+02,0.757113,783.233877,1,5,7
3425,166,197,745,0.133416641,59164.832255,1.977300e+02,0.756463,784.162580,1,4,5
3426,166,197,746,19.42283707,59734.769553,1.976686e+02,0.752786,787.748499,3,6,10
3393,166,197,728,0.066332496,7.629952,1.905428e+00,0.365011,15.660601,1,1,1
3394,166,197,728,0.091104336,5.551445,7.741899e-01,0.160933,14.431923,1,1,1
3395,166,197,729,0.33,3.730945,1.065031e+00,0.265367,12.040271,1,1,1
3396,166,197,729,0.289827535,4.408334,1.386113e+00,0.380740,10.921733,1,1,1
3398,166,197,730,0.433012702,8.349319,2.156162e+00,0.493294,13.112846,1,1,1
6940,167,184,592,0.229346899,22.205860,5.424134e+00,0.677400,16.014563,2,2,2
6941,167,184,592,0.092195445,31.244015,6.867999e+00,0.753227,18.236201,2,2,2
6946,167,184,594,0.123693169,15.626833,1.312313e+01,0.920109,14.262591,2,2,2
6947,167,184,594,0.190262976,20.438705,6.507105e+00,0.905523,14.372033,2,2,2
6948,167,184,594,0.251992063,21.378865,6.920471e+00,0.918657,15.066491,2,2,2
6932,167,184,590,0.256124969,7.758201,5.981841e+00,0.949828,12.595634,2,2,2
6951,167,184,595,0.148660687,12.968636,7.180897e+00,0.966346,14.861963,2,2,2
6953,167,184,595,0.269443872,6.935845,1.187863e+01,0.956532,12.418427,2,2,2
6954,167,184,596,0.287228132,8.295020,5.850366e+00,0.929176,12.592586,2,2,2
6933,167,184,590,0.115325626,8.597769,5.555922e+00,0.932352,11.918083,2,2,2
6960,167,184,597,0.050990195,4.093426,3.696191e+00,0.509440,7.255399,1,3,6
6961,167,184,598,0.09,7.405190,2.912616e+00,0.525712,11.080664,1,3,6
6963,167,184,598,0.046904158,9.514794,3.849753e+00,0.627468,12.270760,2,2,2
6966,167,184,599,0.156204994,21.264171,6.379993e+00,0.868414,14.693434,2,2,2
6967,167,184,599,0.220454077,7.217014,1.103042e+01,0.956838,11.527992,2,2,2
6971,167,184,601,0.286530976,10.226716,8.462326e+00,0.792449,10.678697,2,2,2
6973,167,184,601,0.100498756,16.478868,5.921051e+00,0.820134,14.439225,1,3,6
6974,167,184,601,0.35,26.187449,1.455083e+01,0.845366,17.212452,2,2,2
6980,167,184,603,0.15132746,10.563410,2.166050e+00,0.285736,15.161179,1,3,6
6981,167,184,603,0.222036033,11.378371,2.963137e+00,0.302808,19.571055,2,2,2
6982,167,184,604,0.100498756,6.249379,2.523036e+00,0.276163,18.272053,2,2,2
6984,167,184,604,0.071414284,10.882519,3.971857e+00,0.469395,16.923293,1,3,6
6986,167,184,605,0.13453624,569.718084,2.904871e+00,0.414056,154.344181,2,2,2
6987,167,184,605,0.434165867,1211.349269,3.040080e+00,0.516643,188.297428,2,2,2
6939,167,184,592,0.262488095,21.174848,5.139653e+00,0.633738,16.220130,2,2,2
7268,167,185,1022,0.074833148,22.228201,1.134556e+00,0.375816,30.189128,1,7,13
7278,167,185,1025,0.090553851,3.432256,1.360443e+00,0.195365,13.927156,1,7,13
7279,167,185,1025,0.053851648,3.432256,5.820437e-01,0.074939,15.533865,1,7,13
7281,167,185,1026,0.186010752,2.171822,3.569155e-01,0.071172,10.029666,1,7,13
7282,167,185,1026,0.11045361,2.994744,6.249315e-01,0.119561,10.453776,1,7,13
7269,167,185,1022,0.16881943,4.789129,3.072213e+00,0.468959,13.102256,1,7,13
7288,167,185,1028,0.094339811,1.732905,6.912100e-01,0.213263,6.482237,1,7,13
7290,167,185,1028,0.273678644,2.169789,7.612730e-01,0.093699,8.124665,1,7,13
7291,167,185,1029,0.037416574,2.500140,9.969330e-01,0.242172,8.233267,1,7,13
7292,167,185,1029,0.081240384,2.500140,6.569849e-01,0.122991,10.683451,1,7,13
7293,167,185,1029,0.071414284,2.471687,2.307530e-01,0.042578,10.839071,1,7,13
7294,167,185,1030,0.114455231,1.928824,3.262978e+00,0.335612,9.722464,1,7,13
7270,167,185,1022,0.177200451,3.422721,3.416660e+00,0.315306,10.836010,1,7,13
7301,167,185,1032,0.117898261,1.122641,2.400770e+00,0.465816,5.153905,1,7,13
7302,167,185,1032,0.080622577,0.948523,7.250797e-01,0.292273,4.961653,1,7,13
7304,167,185,1032,0.18973666,0.091826,1.519749e-01,0.068514,2.218168,1,7,13
7305,167,185,1033,0.347131099,0.136205,4.359029e-01,0.158870,2.743776,1,7,13
7306,167,185,1033,0.179722008,0.827578,2.070217e+00,0.643695,6.432289,1,7,13
7271,167,185,1023,0.071414284,3.456494,2.260991e+00,0.415075,10.894371,1,7,13
7307,167,185,1033,0.123693169,6.641004,6.578301e+00,0.896224,14.680031,1,7,13
7327,167,185,1039,?,46.136719,7.781345e+00,0.511321,30.436260,1,7,13
7328,167,185,1040,0.124096736,45.769861,5.513241e+00,0.315172,34.985585,1,1,1
7331,167,185,1041,0.306757233,5.659740,1.682904e+00,0.149864,22.459158,1,7,13
7333,167,185,1041,0.306757233,6.309907,2.789201e+00,0.690683,12.114968,1,7,13
7334,167,185,1042,0.284780617,3.004649,2.800341e-01,0.082675,10.161510,1,7,13
7335,167,185,1043,0.352420204,3.873209,7.942464e-01,0.233221,10.216663,1,7,13
7336,167,185,1043,0.017320508,4.133721,3.740043e-01,0.151854,9.851670,1,7,13
7339,167,185,1045,0.070710678,3.589305,1.260922e+00,0.366773,13.751541,1,7,13
7340,167,185,1046,0.1,3.145213,7.677383e-01,0.202585,11.369124,1,7,13
7344,167,185,1048,0.328329103,5.911045,1.510917e+00,0.192233,23.579424,1,7,13
7345,167,185,1048,0.151657509,5.911045,1.115458e+00,0.135044,24.779928,1,7,13
7447,167,186,766,0.148996644,2125.898496,3.542908e+00,0.808312,131.492818,1,3,6
7456,167,186,768,0.453982379,19.652560,8.509157e+00,0.455052,18.699324,1,3,6
7457,167,186,769,0.11,32.613710,8.426185e+00,0.440412,19.132522,1,3,6
7458,167,186,769,0.373898382,32.674359,4.319904e+00,0.424836,20.336820,1,3,6
7459,167,186,769,0.12328828,26.483421,3.497818e+00,0.377102,18.551055,2,2,2
7460,167,186,769,0.066332496,29.906916,8.249343e+00,0.432909,19.055589,1,3,6
7463,167,186,770,0.174928557,22.610474,3.567078e+00,0.452250,15.774803,2,2,2
7448,167,186,766,0.070710678,1359.554256,4.293567e+00,0.807036,106.403416,2,2,2
7467,167,186,772,0.114455231,22.555619,3.334627e+00,0.421409,15.826092,1,3,4
7468,167,186,772,0.140712473,26.964384,4.373061e+00,0.450762,19.402978,1,3,6
7469,167,186,772,0.415932687,23.593994,5.087934e+00,0.553598,18.381333,2,2,2
7470,167,186,773,0.350142828,30.747286,1.044223e+01,0.489956,21.312584,2,2,2
7471,167,186,773,0.238327506,31.734085,5.738701e+00,0.509017,22.548175,2,2,2
7477,167,186,775,0.438748219,5.788788,4.737574e+00,0.432599,10.951413,2,2,2
7480,167,186,775,0.156204994,7.649336,8.986470e+00,0.808830,11.110458,2,2,2
7481,167,186,776,0.553172667,14.538217,6.706872e+00,0.610609,10.983903,2,2,2
7483,167,186,776,0.154272486,25.817817,6.163247e+00,0.735604,16.756976,2,2,2
7485,167,186,777,0.13453624,24.507750,7.752999e+00,0.404367,19.173166,2,2,2
7450,167,186,767,0.074833148,34.519032,9.566737e+00,0.799180,23.941373,2,2,2
7491,167,186,778,?,27.186764,4.897470e+00,0.687301,14.251308,2,2,2
7493,167,186,779,0.397492138,40.071939,7.803757e+00,0.822268,18.981061,2,2,2
7494,167,186,779,0.300832179,47.103565,8.930343e+00,0.848836,21.041394,1,3,6
7452,167,186,767,0.361247837,15.786520,6.581784e+00,0.362076,18.177896,1,3,6
7455,167,186,768,0.197484177,17.108301,3.766630e+00,0.370703,20.321574,2,2,2
7666,167,187,792,0.589745708,257.504310,3.948651e+00,0.914920,69.053500,2,2,2
7677,167,187,795,10.87589996,20545.261197,2.961613e+02,0.965898,613.234948,3,6,10
7678,167,187,795,10.7969116,22938.281938,3.274020e+02,0.970961,674.387268,3,6,10
7679,167,187,795,8.803573138,22680.881465,6.589351e+02,0.978130,673.668245,3,6,10
7670,167,187,793,0.075498344,13.067187,4.344735e+00,0.556350,15.618721,1,4,5
7671,167,187,793,0.041231056,9.722753,4.683066e+00,0.621089,15.080169,1,4,5
7750,167,187,815,0.156524758,15.568436,9.814754e+00,0.980048,20.029118,1,3,6
7751,167,187,815,0.024494897,13.152567,8.681462e+00,0.978373,17.746735,1,3,6
7753,167,187,816,0.200997512,16.871294,1.543721e+01,0.961872,16.049128,1,3,6
7754,167,187,816,0.260959767,22.446077,6.925886e+00,0.899726,15.395548,2,2,2
7755,167,187,816,0.181934054,19.008585,6.542373e+00,0.831571,15.734972,2,2,2
7759,167,187,817,0.224944438,9.609184,4.540027e+00,0.791200,11.476310,2,2,2
7760,167,187,818,0.217485632,10.357478,4.918536e+00,0.898207,10.951896,1,3,6
7764,167,187,819,0.283196045,10.781430,6.460593e+00,0.962998,13.417671,2,2,2
7904,167,188,823,5.525124433,11648.996238,1.477073e+01,0.959910,538.566617,3,6,10
7921,167,188,831,0.305941171,55.467668,2.791317e+01,0.921863,30.279080,2,2,2
7922,167,188,831,0.299833287,46.632836,1.509349e+01,0.945371,31.931368,2,2,2
7923,167,188,831,0.204205779,31.760797,1.060028e+01,0.919633,23.053269,2,2,2
7924,167,188,831,0.086023253,20.946760,1.838712e+01,0.916017,20.072889,2,2,2
7925,167,188,832,0.115758369,22.499477,9.389735e+00,0.915804,20.505997,2,2,2
7927,167,188,832,0.324037035,35.673989,4.920114e+00,0.507576,19.386723,2,2,2
7932,167,188,834,0.014142136,1.760172,3.182876e+00,0.446750,7.124506,2,2,2
7933,167,188,834,0.033166248,1.408782,1.525315e+00,0.428078,7.126344,1,5,7
7934,167,188,834,0.100498756,5.328270,2.653313e+00,0.629512,8.429741,1,5,7
7935,167,188,834,0.144568323,6.550379,7.902557e+00,0.765042,10.329566,2,2,2
7938,167,188,835,0.369594372,12.230692,8.055926e+00,0.936194,17.209943,2,2,2
7939,167,188,835,0.35,22.255300,1.630286e+01,0.887616,18.367016,2,2,2
7940,167,188,836,0.075498344,18.754655,6.734998e+00,0.861805,15.629973,2,2,2
7941,167,188,836,0.083066239,26.656285,6.658179e+00,0.792920,16.794072,1,5,7
7948,167,188,838,0.451442134,60.228610,1.181570e+01,0.877277,26.937212,2,2,2
7949,167,188,838,0.065574385,58.919360,1.345209e+01,0.910661,29.543580,2,2,2
7950,167,188,838,0.342198773,61.491581,2.275561e+01,0.824770,27.590255,2,2,2
7951,167,188,839,0.359444015,57.806428,1.129183e+01,0.823633,27.419569,2,2,2
8127,167,189,804,0.140712473,4.394765,2.493472e+00,0.462146,10.790842,2,8,14
8219,167,189,829,0.260192237,14.282408,5.981865e+00,0.913670,13.094153,2,2,2
8220,167,189,829,0.312089731,21.990923,6.493207e+00,0.858713,15.123110,2,2,2
8221,167,189,829,0.245356883,11.789393,1.006181e+01,0.721048,13.954419,2,2,2
8222,167,189,830,0.06164414,8.574562,7.130351e+00,0.642853,11.091721,2,2,2
8128,167,189,804,0.060827625,6.682069,4.507481e+00,0.461519,9.766624,1,5,7
8129,167,189,805,0.207123152,4.845322,5.729661e+00,0.750751,7.631903,2,8,14
8131,167,189,805,0.024494897,2.198658,1.962278e+00,0.697998,5.622588,2,8,14
8132,167,189,805,0.090553851,1.991503,3.667704e+00,0.667774,5.492430,1,5,7
8119,167,189,802,0.070710678,46.042356,1.960394e+00,0.944836,33.197601,1,5,7
8138,167,189,807,0.02236068,1.131699,9.808388e-01,0.463520,4.232135,1,5,7
8139,167,189,807,0.078102497,0.199062,5.041031e-01,0.470691,2.141972,1,5,7
8140,167,189,808,0.126885775,0.219866,7.753541e-01,0.371833,2.085223,1,5,7
8141,167,189,808,0.06164414,0.270564,2.894047e-01,0.242833,2.383571,1,5,7
8143,167,189,808,0.115758369,0.329799,3.422782e-01,0.119361,2.867599,1,5,7
8144,167,189,809,0.070710678,0.273262,1.995102e-01,0.065482,3.046793,1,5,7
8145,167,189,809,0.078740079,0.330944,4.270081e-01,0.253595,3.367642,1,5,7
8146,167,189,809,0.037416574,0.362871,3.278869e-01,0.232484,2.820723,1,5,7
8151,167,189,810,0.115758369,0.245326,6.734089e-01,0.227098,2.965276,1,5,7
8152,167,189,811,0.087749644,0.291183,3.086668e-01,0.214096,2.883442,1,5,7
8153,167,189,811,0.08660254,0.353189,2.543923e-01,0.163529,3.111277,1,5,7
8154,167,189,811,0.064807407,0.477940,6.076795e-01,0.397637,3.056453,1,5,7
8155,167,189,812,0.07,1.951854,3.621053e+00,0.577532,6.269869,1,5,7
8156,167,189,812,0.11,6.677361,5.419452e+00,0.801349,13.525819,1,5,7
8158,167,189,812,0.314642654,17.794134,2.194482e+01,0.946213,23.192249,2,8,14
8159,167,189,813,0.263818119,46.025620,2.521393e+01,0.927408,27.187538,2,8,14
8160,167,189,813,0.502891638,145.668625,1.430366e+01,0.814839,35.107966,2,8,14
8161,167,189,813,0.222036033,242.544053,1.163294e+01,0.552504,42.109916,2,8,14
8165,167,189,814,0.122065556,47.227927,7.812278e+00,0.673420,23.201784,2,4,15
8166,167,189,814,0.184119526,16.616337,7.515997e+00,0.404495,18.581187,2,4,15
8167,167,189,815,0.053851648,5.992276,3.263638e+00,0.664430,9.823869,2,4,15
8174,167,189,817,0.194164878,139.444908,3.356580e+01,0.355853,94.324930,2,2,2
8179,167,189,818,0.610655386,40.939798,1.037385e+01,0.906485,22.888076,2,2,2
8180,167,189,818,0.092736185,50.368302,7.602687e+00,0.754508,20.152702,2,2,2
8184,167,189,820,0.086023253,6.419702,3.938000e+00,0.730912,10.775574,2,2,2
8185,167,189,820,0.16583124,6.619395,5.654262e+00,0.855184,13.223505,2,2,2
8187,167,189,820,0.343220046,23.680961,1.478447e+01,0.840875,17.582248,2,2,2
8192,167,189,822,0.070710678,7.072674,9.067163e+00,0.893033,10.153224,1,5,7
8200,167,189,824,0.311287648,349.152351,4.944528e+01,0.878828,112.525462,1,4,16
8206,167,189,825,0.836062199,2605.890608,7.594749e+01,0.460172,165.041669,3,6,10
8207,167,189,826,0.242693222,379.809039,8.739648e+01,0.900746,97.026724,1,5,7
8209,167,189,826,0.449555336,601.278506,4.346684e+01,0.853565,101.847741,2,2,2
8210,167,189,826,0.103923048,47.830572,1.483077e+01,0.666532,22.250652,2,2,2
8211,167,189,827,0.581807528,79.873176,9.758372e+00,0.669064,29.170216,2,2,2
8214,167,189,828,0.160623784,47.677101,1.166405e+01,0.508534,22.936592,2,2,2
8307,167,190,889,0.154272486,8.394466,8.521083e-01,0.081240,20.977624,1,7,13
8318,167,190,892,0.351283361,2.933294,3.330257e+00,0.486061,13.703034,1,7,13
8319,167,190,892,0.172046505,5.719881,2.385690e+00,0.392809,12.146808,1,7,13
8320,167,190,892,0.155241747,6.101828,8.511565e-01,0.049328,17.255101,1,7,13
8322,167,190,893,0.036055513,14.360081,2.588545e+00,0.175538,29.492717,1,5,7
8323,167,190,893,0.147309199,13.662296,2.624195e+00,0.178261,29.442193,1,5,7
8324,167,190,893,0.060827625,12.717999,5.581646e+00,0.195566,28.540969,1,5,7
8325,167,190,894,0.014142136,12.717999,2.487617e+00,0.073952,33.638466,1,5,7
8308,167,190,889,0.342198773,8.552551,3.816609e+00,0.521057,14.649496,1,7,13
8326,167,190,894,0.087749644,2.253837,6.141841e-01,0.037927,32.388103,1,5,7
8327,167,190,894,0.075498344,6.300744,2.164704e+00,0.159479,27.147125,1,5,7
8331,167,190,895,0.16673332,4.926055,1.576028e+00,0.165019,19.101194,1,7,13
8332,167,190,896,0.258263431,6.100492,7.791047e+00,0.419834,18.557457,1,7,13
8333,167,190,896,0.059160798,4.062057,9.441116e-01,0.119581,15.790281,1,7,13
8334,167,190,896,0.033166248,3.290478,5.732689e-01,0.082659,13.870716,1,7,13
8335,167,190,896,0.058309519,4.014128,2.956986e+00,0.215259,13.736865,1,7,13
8309,167,190,889,0.172336879,6.208030,2.807863e+00,0.167209,16.792490,1,7,13
8337,167,190,897,0.053851648,13.529113,2.698579e+00,0.197303,27.354733,1,5,7
8338,167,190,897,0.10198039,12.626128,1.012409e+00,0.082377,24.579885,1,5,7
8339,167,190,897,0.275317998,12.478797,1.148459e+00,0.048433,23.712538,1,7,13
8340,167,190,898,0.107238053,12.478797,9.494537e-01,0.081274,23.364295,1,7,13
8342,167,190,898,0.053851648,20.092721,1.313287e+00,0.181881,21.661732,1,7,13
8343,167,190,899,0.036055513,4.996507,5.916544e+00,0.826816,14.311634,1,7,13
8344,167,190,900,0.165529454,3.068866,4.477649e+00,0.719989,12.438100,1,7,13
8345,167,190,900,0.180277564,3.611970,3.216133e+00,0.813438,11.861263,1,7,13
8346,167,190,900,0.092736185,3.607463,4.900215e+00,0.813219,12.051400,1,7,13
8347,167,190,900,0.157797338,1.233899,1.023875e+00,0.210014,4.875277,1,7,13
8348,167,190,901,0.08660254,1.423579,1.435282e+00,0.276383,5.193092,1,7,13
8349,167,190,901,0.078740079,3.526133,1.243293e+00,0.351037,7.083537,1,7,13
8350,167,190,901,0.169115345,3.316609,9.469150e-01,0.189519,9.992830,1,7,13
8351,167,190,901,0.088317609,3.168908,6.462258e-01,0.058025,11.136961,1,7,13
8311,167,190,890,0.045825757,3.945178,1.888587e+00,0.221365,17.063139,1,7,13
8312,167,190,890,0.486929153,5.882403,1.466698e+00,0.126163,23.250847,1,7,13
8313,167,190,890,0.100498756,5.882403,3.217975e+00,0.140189,22.954498,1,7,13
8554,167,191,907,0.25,51.277496,1.092615e+01,0.386390,28.277509,2,2,2
8556,167,191,907,0.192353841,39.925223,8.129150e+00,0.621262,26.169786,2,2,2
8558,167,191,908,0.017320508,30.910312,5.284625e+00,0.522848,20.214781,2,2,2
12894,169,191,908,0.091104336,19.863695,5.818690e+00,0.826844,14.074455,2,3,3
8545,167,191,904,0.178325545,27.579403,6.423315e+00,0.715037,17.966395,2,2,2
8566,167,191,910,0.27513633,92.727820,1.761045e+01,0.954030,36.918032,2,4,8
8567,167,191,911,0.602992537,117.609169,4.061556e+01,0.958615,42.368990,2,4,8
8568,167,191,911,0.445196586,158.937690,2.132919e+01,0.940767,45.344228,2,4,8
8569,167,191,911,0.787591265,154.697745,1.757171e+01,0.786089,44.706665,2,4,8
8571,167,191,912,0.140356688,132.329082,3.248444e+01,0.756903,42.917548,2,2,2
8546,167,191,904,0.191049732,28.531618,1.355413e+01,0.730577,18.552636,2,2,2
8574,167,191,912,0.136381817,137.616746,1.999693e+01,0.492904,40.569591,2,4,11
8577,167,191,913,0.247790234,69.866374,3.030752e+00,0.152805,39.668284,1,5,7
8578,167,191,913,0.118743421,75.742939,7.491636e+00,0.177563,42.191500,2,2,2
8580,167,191,914,0.465295605,72.126840,1.262206e+01,0.832165,30.335484,2,2,2
8581,167,191,914,0.393700394,45.338514,9.935929e+00,0.868130,22.890411,2,2,2
8582,167,191,915,0.328329103,35.508641,1.545543e+01,0.732526,21.098822,2,3,3
8584,167,191,915,0.115758369,7.164894,4.629332e+00,0.647904,14.290173,1,3,4
8585,167,191,915,0.033166248,4.354943,5.641673e+00,0.534408,10.556866,2,2,2
8548,167,191,905,0.316701752,73.112678,8.727997e+00,0.671279,26.004089,2,2,2
8549,167,191,905,0.69267597,80.825788,7.361568e+00,0.535510,27.493655,2,2,2
8551,167,191,906,0.222934968,58.930998,6.978485e+00,0.563009,24.789976,2,2,2
8709,167,192,962,0.3082207,230.229841,1.481126e+00,0.721857,65.658425,2,2,2
8719,167,192,964,0.053851648,8.946215,1.007402e+01,0.669534,15.046308,2,4,8
8722,167,192,965,0.261725047,44.004454,7.065846e+00,0.713678,19.801203,2,4,8
8723,167,192,966,0.489285193,44.469501,1.588580e+01,0.751245,21.145977,2,4,8
8724,167,192,966,0.600749532,42.651619,7.908201e+00,0.747490,21.159354,2,4,8
8725,167,192,966,0.301496269,28.128522,7.211023e+00,0.770911,18.707791,2,2,2
8726,167,192,966,0.328329103,33.717717,1.090018e+01,0.536067,20.333637,2,2,2
8727,167,192,967,0.150996689,30.951677,8.915769e+00,0.412120,21.633911,2,2,2
8710,167,192,962,0.05,230.229841,1.841478e+00,0.610435,69.383282,2,2,2
8728,167,192,967,0.292745623,35.494506,5.520419e+00,0.481347,22.937394,1,7,13
8734,167,192,968,0.347706773,50.629677,1.337918e+01,0.523325,25.565732,1,3,4
8735,167,192,969,0.20904545,41.147340,6.417782e+00,0.537396,23.884737,2,2,2
8736,167,192,969,0.26925824,55.996218,7.175244e+00,0.534924,26.827157,2,2,2
8737,167,192,969,0.16673332,37.049538,1.074967e+01,0.722063,29.774892,2,2,2
8711,167,192,962,0.436004587,234.569145,3.432603e+00,0.641722,69.537642,2,2,2
8738,167,192,970,0.358608422,70.515895,2.508457e+01,0.755362,33.208654,2,2,2
8740,167,192,970,0.555247692,64.750588,1.519507e+01,0.931689,32.618346,2,8,14
8742,167,192,971,0.489693782,118.395946,2.167534e+01,0.669719,32.364823,2,2,2
8747,167,192,972,0.086023253,25.149295,4.917029e+00,0.424272,23.178645,2,2,2
8712,167,192,962,0.104880885,33.682145,9.401236e+00,0.474661,19.806204,2,2,2
8751,167,192,973,0.238746728,48.086902,6.177659e+00,0.538330,22.951211,2,2,2
8755,167,192,974,0.398998747,61.030565,1.216230e+01,0.590628,41.184302,2,8,14
8756,167,192,974,0.278567766,42.892155,1.633556e+01,0.392567,41.612190,1,3,4
8714,167,192,963,0.175499288,13.957612,1.947986e+00,0.262018,14.869123,2,2,2
9097,167,195,606,0.466904701,218.514324,3.200210e+01,0.522498,61.248323,2,4,8
9098,167,195,606,0.729588925,101.743409,6.657487e+00,0.302941,43.952392,2,2,2
9099,167,195,606,0.136381817,43.037061,9.100152e+00,0.902055,20.176482,2,2,2
9100,167,195,606,0.471805044,35.605222,1.046084e+01,0.937272,22.321884,2,2,2
9101,167,195,607,0.050990195,16.254962,9.022584e+00,0.967772,18.646085,2,2,2
9104,167,195,608,0.286705424,17.294661,7.598811e+00,0.957472,15.872656,2,2,2
9105,167,195,608,0.240624188,5.895841,7.135660e+00,0.992247,14.382837,2,2,2
9110,167,195,609,0.028284271,22.455145,6.513551e+00,0.839064,15.525752,1,3,4
9111,167,195,610,0.311287648,28.399683,7.861288e+00,0.862917,18.220262,2,2,2
9112,167,195,610,0.338526218,28.437018,7.322353e+00,0.828423,17.677808,2,2,2
9113,167,195,611,0.192613603,20.282940,3.895290e+00,0.722672,16.170358,1,3,4
9121,167,195,614,0.447437146,11.462569,3.155180e+00,0.447200,14.110826,2,2,2
9123,167,195,615,0.114455231,41.579434,4.418658e+00,0.621454,21.330564,1,3,6
9088,167,195,602,0.670745854,63.344473,6.430323e+00,0.755893,25.520760,1,3,4
9125,167,195,616,0.464973118,52.009275,8.343586e+00,0.806708,20.685517,1,3,4
9130,167,195,617,0.265706605,28.089689,7.905846e+00,0.824845,19.169287,1,3,6
9131,167,195,617,0.367287353,40.138073,8.258944e+00,0.818764,20.174185,2,2,2
9132,167,195,617,0.050990195,33.747957,1.416589e+01,0.794256,17.835431,2,2,2
9089,167,195,603,0.091651514,48.189259,3.873910e+00,0.475172,24.457950,1,3,4
9090,167,195,603,0.34190642,17.943430,3.761414e+00,0.548505,20.572728,1,3,4
9091,167,195,604,0.170587221,19.346706,2.086829e+00,0.331862,18.864749,2,2,2
9092,167,195,604,0.072111026,29.514637,1.095117e+01,0.672727,32.557562,2,2,2
9093,167,195,605,0.034641016,160.707058,2.544305e+01,0.905729,56.182461,2,2,2
9365,167,196,690,0.544609952,18902.919198,7.449442e+00,0.779027,611.999975,2,4,15
9506,167,197,695,0.078102497,0.399314,2.365243e-01,0.201609,3.519550,1,7,13
9508,167,197,696,0.067082039,0.427916,5.454646e-02,0.056905,3.834222,1,7,13
9509,167,197,696,0.120415946,0.343811,2.264117e-01,0.146369,4.640578,1,7,13
9511,167,197,698,0.03,1.124553,5.469671e-01,0.219954,7.460199,1,5,7
9512,167,197,698,0.113578167,0.760345,9.490287e-02,0.045749,8.297737,1,1,1
9514,167,197,699,0.054772256,1.408351,1.007014e+00,0.342784,8.813264,1,7,13
9515,167,197,700,0.09797959,1.176065,6.078156e-01,0.185825,9.812688,1,7,13
9516,167,197,700,0.053851648,2.315176,1.703749e+00,0.433118,11.801043,1,7,13
9517,167,197,701,0.19,1.515257,3.102041e-01,0.078019,11.928054,1,7,13
9518,167,197,701,0.136747943,1.515257,2.203274e-01,0.058503,11.298215,1,7,13
9521,167,197,703,0.11045361,0.968390,2.525857e-01,0.095115,7.966753,1,7,13
9522,167,197,703,0.113578167,1.627261,7.383063e-01,0.369697,5.991179,1,7,13
9524,167,197,704,0.130384048,1.297493,4.434508e-01,0.267006,4.982474,1,7,13
9525,167,197,705,0.02236068,1.297493,5.715258e-01,0.440069,5.194873,1,7,13
9528,167,197,707,0.15132746,1.208621,6.939795e-01,0.281367,7.399382,1,7,13
9531,167,197,708,0.147986486,1.431299,5.523759e-01,0.206558,8.022568,1,7,13
9532,167,197,709,0.161245155,1.520614,1.085181e+00,0.473014,6.882544,1,7,13
9534,167,197,710,0.177200451,1.497149,1.484473e-01,0.056790,7.841939,1,7,13
9535,167,197,710,0.222934968,1.497149,5.788269e-01,0.236745,7.334810,1,7,13
9500,167,197,692,0.014142136,1.123926,1.174222e+00,0.594363,5.926793,1,7,13
9538,167,197,712,0.083066239,1.096727,3.137263e-01,0.159298,7.877717,1,7,13
9539,167,197,712,0.128452326,0.776677,3.960952e-01,0.182302,6.518243,1,7,13
9541,167,197,714,0.108627805,0.405485,3.679622e-01,0.215446,5.123726,1,7,13
9542,167,197,714,0.232808935,0.439186,1.687267e-01,0.104134,6.481111,1,7,13
9501,167,197,692,0.122065556,0.489886,4.365286e-02,0.025311,5.174047,1,7,13
9504,167,197,694,?,0.644460,1.506004e-01,0.088130,5.126553,1,7,13
6336,167,181,727,0.244131112,25.084003,1.165478e+01,0.710704,16.398930,1,5,7
6337,167,181,727,0.028284271,47.046925,1.010977e+01,0.810969,24.932547,2,8,14
6338,167,181,727,0.041231056,52.302148,1.077835e+01,0.840101,25.659640,2,8,14
6339,167,181,727,0.486106984,27.311078,2.065315e+01,0.849790,24.303829,2,8,14
6340,167,181,728,0.4982971,14.350539,1.679541e+01,0.810213,20.729626,2,8,14
6343,167,181,728,0.107703296,3.299911,4.080341e+00,0.404613,10.084565,1,1,1
6344,167,181,729,0.199499373,0.641121,4.276921e-01,0.072601,5.891029,1,1,1
6345,167,181,729,0.046904158,1.579708,1.079266e+00,0.380429,5.673942,1,1,1
6346,167,181,729,0.29189039,10.958401,6.257162e+00,0.738013,16.956770,1,1,1
6347,167,181,729,0.123693169,33.374912,2.635463e+01,0.854271,30.850432,1,1,1
6349,167,181,730,0.82176639,108.200014,1.379409e+01,0.633314,43.561635,2,8,14
6350,167,181,730,0.720347139,106.644993,9.918262e+00,0.402312,49.306298,2,8,14
6351,167,181,731,0.222934968,95.517221,1.357146e+01,0.493351,55.017427,1,5,7
6353,167,181,731,0.518748494,39.684828,4.805162e+00,0.230216,41.744816,2,8,14
6356,167,181,732,0.391024296,24.906770,2.244924e+00,0.101066,44.424901,2,8,14
6358,167,181,733,0.197484177,68.531904,6.146296e+00,0.129274,47.544645,2,8,14
6362,167,181,734,1.033440855,76.537121,3.799368e+00,0.162371,46.798678,2,8,14
6366,167,181,735,0.114017543,32.225349,3.352695e+00,0.117800,56.921779,2,8,14
6382,167,181,742,0.11,120.227293,9.158408e+00,0.680642,40.366650,2,4,15
6385,167,181,743,0.260192237,34.628011,1.305513e+01,0.918684,28.421379,2,4,15
6386,167,181,744,0.06,34.733751,2.392285e+01,0.795887,30.058091,2,4,15
11133,169,182,778,0.046904158,4.311733,9.495044e-01,0.147002,12.918215,2,8,14
11140,169,182,780,0.562405548,16.231363,4.440251e+00,0.535640,16.579239,2,8,14
11142,169,182,781,0.078102497,12.666592,2.247512e+00,0.241176,18.637955,2,2,2
11143,169,182,781,0.07,13.501012,1.616624e+00,0.173857,18.597181,2,2,2
11144,169,182,781,0.164316767,12.348757,2.808709e+00,0.364594,15.407319,2,2,2
11145,169,182,782,0.145602198,11.478675,5.929563e+00,0.404604,14.655227,2,2,2
11146,169,182,782,0.054772256,7.724226,2.166348e+00,0.319977,13.540667,2,2,2
11148,169,182,782,0.12328828,14.589223,4.953225e+00,0.339545,14.587853,2,2,2
11150,169,182,783,0.156524758,8.155455,1.986739e+00,0.299140,13.283025,1,4,5
11151,169,182,783,0.490509939,6.319839,8.240651e-01,0.137904,11.951326,1,5,7
11154,169,182,784,0.300832179,7.461783,2.649909e+00,0.693939,7.637300,1,5,7
11155,169,182,785,0.284429253,12.649482,4.707208e+00,0.851182,11.060397,2,2,2
11156,169,182,785,0.160312195,14.364380,4.736768e+00,0.835590,11.337539,2,2,2
11157,169,182,785,0.137477271,23.320004,6.337089e+00,0.855654,14.812262,2,2,2
11158,169,182,786,0.287576077,13.137323,7.275798e+00,0.405520,17.941898,2,2,2
11162,169,182,787,0.14525839,39.513180,1.268642e+01,0.400779,31.654406,2,2,2
282,166,182,787,0.14525839,3818.926255,2.266377e+00,0.674427,208.347926,2,2,2
11165,169,182,787,0.14525839,21.325947,1.200393e+01,0.458994,26.152676,2,2,2
11167,169,182,788,0.036055513,8.671120,2.802662e+00,0.348495,16.084371,2,2,2
11168,169,182,788,0.37067506,8.886114,1.187192e+00,0.182611,13.002384,2,2,2
11169,169,182,789,?,12.459419,1.259108e+00,0.176707,14.250828,2,2,2
11127,169,182,777,0.12,1.537743,6.937380e-01,0.094777,7.319680,1,5,7
11130,169,182,777,0.170293864,0.928802,6.304440e-01,0.078140,8.068137,1,5,7
11131,169,182,778,0.141774469,3.421842,3.394742e+00,0.319487,10.625608,1,5,7
11752,169,186,678,0.16881943,2.279440,2.735019e-01,0.071410,7.660057,2,8,14
11764,169,186,681,0.378549865,0.713624,6.303619e-01,0.387128,3.256607,1,5,7
11765,169,186,682,1.176690274,0.426652,1.267317e+00,0.428105,2.960292,1,1,1
11766,169,186,682,0.093808315,1.011829,7.401944e-01,0.389783,3.797978,1,5,7
11770,169,186,683,0.175499288,33.645580,5.768717e+00,0.556360,20.737346,1,5,7
11773,169,186,684,0.078102497,36.882165,6.701222e-01,0.042972,31.188892,1,1,1
11775,169,186,684,0.014142136,36.882165,2.045492e+00,0.215546,28.469391,1,1,1
11776,169,186,685,0.104403065,17.613639,1.957968e+00,0.115920,33.781304,1,1,1
11777,169,186,685,0.211187121,18.878160,1.558072e+00,0.087653,35.551062,1,1,1
11778,169,186,686,0.09797959,14.795287,2.156948e-01,0.017918,36.113127,1,1,1
11779,169,186,686,0.01,14.774261,8.452934e-01,0.046473,36.378193,1,1,1
11750,169,186,678,0.200249844,1.634918,2.261877e+00,0.267457,8.456983,1,1,1
11751,169,186,678,0.227596134,2.279440,1.320284e+00,0.305210,8.651637,1,1,1
11810,169,186,696,0.144568323,11.333649,1.334945e+00,0.123048,21.697961,2,4,15
11811,169,186,696,0.12083046,11.652216,3.051554e+00,0.585091,15.646576,2,4,15
11812,169,186,696,0.380919939,4.181155,1.133847e+00,0.288217,7.868019,2,4,15
11815,169,186,697,0.092736185,8.850523,6.579669e-01,0.461177,9.986991,1,4,16
11817,169,186,703,0.170587221,11.474689,4.719710e-01,0.279554,13.506423,1,4,16
11820,169,186,705,0.156524758,141224.380463,1.113566e+02,0.977106,2849.143444,2,4,15
11804,169,186,693,0.179722008,0.440952,2.876013e-01,0.078202,7.355374,1,4,5
11805,169,186,693,0.450111097,2.064010,4.355606e+00,0.709501,12.277941,1,4,5
12214,169,188,738,0.046904158,7.490826,5.916099e+00,0.510229,11.594994,1,5,7
12305,169,188,764,15.38333514,7620.379254,4.818536e+02,0.997085,966.524587,3,6,10
12307,169,188,765,14.72562732,314518.813319,3.079378e+02,0.992593,3412.592012,3,6,10
12220,169,188,740,0.20880613,12.862548,2.901320e+00,0.324925,17.858409,2,4,11
12223,169,188,741,0.15132746,5.979514,5.737758e-01,0.071107,16.138439,2,4,15
12206,169,188,736,0.111803399,117.952398,1.074399e+00,0.447065,40.854881,1,5,7
12227,169,188,742,0.154272486,8.092503,1.832681e+00,0.123715,29.627451,1,5,7
12232,169,188,743,0.162480768,4.265739,5.482933e-01,0.076578,14.319817,1,5,7
12233,169,188,744,0.125698051,3.652294,2.354032e+00,0.167616,14.044182,1,5,7
12207,169,188,737,0.054772256,7.818029,1.154138e+00,0.307298,26.290319,1,5,7
12235,169,188,744,0.152643375,2.194820,2.178370e+00,0.322170,13.523122,1,5,7
12236,169,188,744,0.170293864,1.940847,7.237046e-01,0.044998,16.083077,1,5,7
12237,169,188,745,0.243515913,2.469894,3.978700e+00,0.272757,14.586966,1,5,7
12238,169,188,745,0.244540385,2.351646,1.065305e-01,0.017643,12.076086,1,5,7
12241,169,188,746,0.137477271,5.307940,3.103152e+00,0.528703,11.738744,1,5,7
12243,169,188,746,0.064031242,4.804651,1.812477e+00,0.261213,13.877399,1,5,7
12208,169,188,737,0.151657509,5.438390,7.042461e-01,0.082143,17.146769,1,5,7
12245,169,188,747,0.100498756,7.815471,1.368689e+00,0.114936,23.816544,1,5,7
12246,169,188,747,0.115758369,7.707412,2.449283e+00,0.188061,26.047720,1,5,7
12249,169,188,748,0.306920185,10.089422,1.002797e+00,0.089974,22.290855,1,5,7
12253,169,188,749,0.03,1.593310,1.538288e+00,0.508805,6.046669,1,5,7
12209,169,188,737,0.059160798,4.281778,1.595937e+00,0.242386,13.168568,1,5,7
12254,169,188,749,0.081240384,0.153500,8.639350e-02,0.027520,3.139265,1,5,7
12255,169,188,750,0.037416574,0.147477,7.433374e-01,0.237999,3.123284,1,5,7
12258,169,188,750,0.064031242,0.201612,5.937035e-01,0.255357,2.324990,1,5,7
12259,169,188,751,0.107703296,0.177593,2.531100e-01,0.225307,2.246798,1,5,7
12260,169,188,751,?,0.212698,2.001743e-01,0.177942,2.249882,1,5,7
12261,169,188,751,0.048989795,0.294547,5.180766e-01,0.417633,2.481011,1,5,7
12262,169,188,752,0.140712473,0.076602,2.169994e-01,0.099798,2.174386,1,5,7
12263,169,188,752,0.041231056,0.208374,3.152390e-01,0.278040,2.267582,1,5,7
12210,169,188,737,0.033166248,4.215338,1.279022e+00,0.090864,14.076273,1,4,16
12264,169,188,752,0.07,0.273336,3.651512e-01,0.268752,2.717385,1,5,7
12265,169,188,752,0.091104336,0.263064,1.226123e-01,0.046211,2.653312,1,5,7
12268,169,188,753,0.064031242,0.270011,2.857836e-01,0.159011,3.594508,1,5,7
12271,169,188,754,0.083666003,0.781689,4.501330e-01,0.149058,6.039711,1,5,7
12272,169,188,754,0.014142136,1.014563,8.131118e-01,0.276894,5.873094,1,5,7
12274,169,188,755,0.128452326,1.614004,7.739493e-01,0.268792,5.758720,1,5,7
12275,169,188,755,0.100498756,1.614004,1.289071e+00,0.487897,5.284194,1,5,7
12276,169,188,755,?,1.412687,4.294207e-01,0.139381,6.161807,1,5,7
12277,169,188,756,0.058309519,1.040836,8.961585e-01,0.175867,5.095661,1,5,7
12278,169,188,756,0.06,0.870745,3.065308e-01,0.131917,4.647315,1,5,7
12281,169,188,757,0.083666003,0.785828,2.980369e-01,0.130550,4.565864,1,5,7
12282,169,188,757,0.03,0.750391,6.178074e-01,0.356552,3.465456,1,5,7
12285,169,188,758,0.037416574,0.384452,7.442507e-01,0.485909,3.063333,1,5,7
12286,169,188,758,0.114455231,0.924547,3.792723e-01,0.182582,4.154545,1,5,7
12289,169,188,759,0.03,1.426988,2.804131e-01,0.101361,5.532968,1,5,7
12290,169,188,760,0.053851648,1.426988,2.954211e-01,0.163171,5.431498,1,5,7
12292,169,188,760,0.037416574,1.486001,7.203927e-01,0.299129,4.816604,1,5,7
12213,169,188,738,0.02,5.113130,2.911053e-01,0.037525,15.515272,1,5,7
12295,169,188,761,0.150996689,2.057580,1.538500e-01,0.040806,7.540485,1,4,5
12296,169,188,762,0.086023253,2.096454,5.797596e-01,0.081464,7.116798,1,4,5
12297,169,188,762,0.092736185,2.385790,4.452233e-01,0.121826,7.309160,1,5,7
12298,169,188,762,0.050990195,2.385790,7.890171e-01,0.241150,6.543790,1,5,7
12299,169,188,762,0.075498344,0.785311,1.283546e+00,0.232377,5.523539,1,5,7
12300,169,188,763,0.083666003,0.678260,8.830253e-01,0.392046,4.504708,1,5,7
12301,169,188,763,0.115758369,5.407232,6.568093e+00,0.781852,16.801370,1,5,7
12302,169,188,763,0.064031242,281.260422,1.173181e+02,0.984251,238.390643,1,5,7
12794,169,191,881,0.100498756,2.648891,1.051318e+00,0.189600,11.089841,2,2,2
12799,169,191,883,0.14525839,1.567629,1.386760e+00,0.186588,7.432193,1,3,6
12800,169,191,883,0.235796522,1.785574,9.720844e-01,0.246869,7.875309,1,3,6
12802,169,191,883,0.100498756,2.655986,1.179488e+00,0.122787,9.605995,2,2,2
12803,169,191,884,0.041231056,3.347512,1.310914e+00,0.126397,10.371391,2,2,2
12804,169,191,884,0.03,4.020599,1.824240e+00,0.415455,8.781884,2,2,2
12805,169,191,884,0.125698051,2.936787,5.276433e-01,0.121265,8.702334,2,2,2
12806,169,191,884,0.102956301,1.752021,7.904097e-01,0.091928,8.598095,2,2,2
12807,169,191,885,0.014142136,1.545790,2.811332e-01,0.068396,8.220729,2,2,2
12812,169,191,886,0.078102497,2.757272,1.011380e+00,0.288338,7.015248,2,2,2
12813,169,191,886,0.071414284,2.214664,1.792115e+00,0.286435,6.256623,2,2,2
12815,169,191,887,0.118743421,4.878670,2.183097e+00,0.612368,7.130014,2,2,2
12816,169,191,887,0.139283883,37.366905,7.761178e+00,0.726426,21.368125,2,2,2
12817,169,191,887,0.09486833,63.439584,1.718947e+01,0.690452,24.895973,2,2,2
12819,169,191,888,1.280039062,44.713986,7.922789e+00,0.665272,23.818192,2,2,2
12826,169,191,890,0.306757233,1.538811,4.237828e-01,0.094140,9.003283,1,5,7
12827,169,191,890,0.024494897,1.357079,3.251041e-01,0.072314,8.991493,1,5,7
12787,169,191,879,0.206639783,2.621473,1.078692e+00,0.369695,5.835575,2,2,2
12789,169,191,880,0.261916017,5.164236,1.179770e+00,0.241958,9.751845,2,2,2
12790,169,191,880,0.187082869,3.602631,6.891156e-01,0.126733,10.875082,1,3,6
13124,169,192,868,0.01,24.513310,4.458893e-01,0.442988,36.235759,1,5,7
13137,169,192,875,0.200249844,2.003073,6.236104e-01,0.062761,9.936226,1,1,1
13139,169,192,876,0.041231056,1.353600,5.344841e-01,0.141911,7.532655,1,1,1
13140,169,192,876,0.036055513,1.852382,1.535957e+00,0.425652,7.216953,1,1,1
13141,169,192,877,0.204450483,1.203537,1.407878e+00,0.237032,5.939602,1,1,1
13142,169,192,877,0.041231056,0.983523,4.703778e-01,0.193274,4.867468,1,1,1
13125,169,192,871,0.06164414,6.867840,1.692146e-01,0.274458,16.030093,1,5,7
13143,169,192,877,0.074833148,1.148441,4.386903e-01,0.162257,5.407350,1,1,1
13144,169,192,877,0.08660254,6.878822,1.546502e+01,0.760005,20.348571,1,1,1
8701,167,192,878,0.412431813,3218.627255,2.304101e+00,0.434538,328.749577,1,1,1
13146,169,192,878,0.150996689,32.937457,9.925081e+00,0.788192,25.184410,2,8,14
13151,169,192,879,0.09486833,5.820939,3.093406e+00,0.670765,9.223515,2,2,2
13126,169,192,871,0.014142136,3.477988,1.833889e-01,0.311347,9.424291,1,5,7
13154,169,192,880,0.042426407,3.172887,6.629186e-01,0.153739,8.623949,2,2,2
13156,169,192,881,0.144568323,3.423388,2.048943e+00,0.212638,9.635818,2,2,2
13158,169,192,881,0.173781472,1.793008,7.322323e-01,0.169327,8.648757,2,2,2
13159,169,192,881,0.037416574,1.204836,2.242966e+00,0.280107,8.007526,2,2,2
13127,169,192,872,0.144913767,1.765360,4.443234e-01,0.408196,6.531033,1,5,7
13164,169,192,883,0.102469508,1.525731,1.481582e+00,0.131691,11.250420,2,2,2
13166,169,192,883,0.157797338,0.975324,7.001443e-01,0.133119,10.519035,2,2,2
13167,169,192,883,0.203960781,1.537002,2.218334e+00,0.240004,9.242888,1,5,7
13169,169,192,884,0.111803399,0.936487,1.616899e-01,0.058841,5.495832,1,1,1
13170,169,192,884,0.11045361,1.003038,9.099253e-01,0.422836,4.303920,1,1,1
13171,169,192,885,0.072111026,0.701728,6.814656e-01,0.141887,4.802871,1,1,1
13128,169,192,873,0.098994949,0.473359,5.732710e-02,0.027538,6.245239,1,5,7
13129,169,192,873,?,0.722972,2.670754e-01,0.117099,6.842314,1,5,7
13130,169,192,874,0.120415946,1.098629,2.060270e+00,0.428382,9.618841,1,1,1
13132,169,192,874,0.104880885,1.525465,2.008858e-01,0.026176,15.348844,1,1,1
13427,169,194,996,0.233452351,3254398.114175,4.137394e+01,0.550258,5413.687588,1,5,7
