obsID,birdID,day,min,y,x,speed,prevDay,prevMin,prevY,prevX,prevSpeed,c3,c8,c16
1187,166,186,997,610214.129951497,210497.828170862,0.050990195,186,997,610211.725370843,210497.803000865,0.156524758,1,1,1
1188,166,186,997,610225.571780186,210499.67405531,0.112249722,186,997,610214.129951497,210497.828170862,0.050990195,1,1,1
1415,166,187,1009,610317.729057196,210498.104576723,0.954672719,187,1009,610326.096539858,210494.016366726,0.160312195,2,2,2
1417,166,187,1010,610315.126566037,210496.375102523,0.128452326,187,1009,610316.193872522,210499.138420536,0.340881211,2,3,3
1418,166,187,1010,610317.443978456,210495.604425703,0.464435141,187,1010,610315.126566037,210496.375102523,0.128452326,1,3,4
1419,166,187,1010,610313.863632916,210499.763157476,0.123693169,187,1010,610317.443978456,210495.604425703,0.464435141,1,4,5
1421,166,187,1011,610317.686819712,210495.428949744,0.667682559,187,1010,610318.325171381,210498.635525942,0.287228132,2,2,2
1424,166,187,1012,610316.675205095,210500.328113112,0.154272486,187,1011,610313.822099488,210501.935082862,0.221133444,2,2,2
1428,166,187,1013,610313.95223077,210503.553851057,0.71484264,187,1013,610321.270528603,210499.218847661,0.188148877,2,2,2
1430,166,187,1013,610300.841545135,210505.605480037,0.133790882,187,1013,610304.029305279,210504.061017862,1.079861102,2,2,2
1431,166,187,1014,610305.298179492,210501.184204886,0.480520551,187,1013,610300.841545135,210505.605480037,0.133790882,1,3,6
1435,166,187,1015,610295.187071607,210506.567699025,0.161554944,187,1014,610294.908705027,210504.645184044,0.186010752,1,1,1
1443,166,187,1017,610287.817681648,210505.551060716,0.207123152,187,1017,610294.294139396,210502.52736214,0.192613603,1,1,1
1444,166,187,1017,610291.961096128,210504.82554884,0.158429795,187,1017,610287.817681648,210505.551060716,0.207123152,1,1,1
1445,166,187,1017,610294.811099972,210503.909220835,0.090553851,187,1017,610291.961096128,210504.82554884,0.158429795,1,4,5
1446,166,187,1018,610292.307536903,210502.072342451,0.267768557,187,1017,610294.811099972,210503.909220835,0.090553851,1,4,5
1447,166,187,1018,610294.776810642,210501.917462481,0.201494417,187,1018,610292.307536903,210502.072342451,0.267768557,1,4,5
1448,166,187,1018,610302.510773085,210496.953404315,0.124498996,187,1018,610294.776810642,210501.917462481,0.201494417,1,4,5
1449,166,187,1018,610293.388870254,210502.212501969,0.155241747,187,1018,610302.510773085,210496.953404315,0.124498996,1,4,5
1450,166,187,1019,610289.965231137,210497.829715391,0.604648658,187,1018,610293.388870254,210502.212501969,0.155241747,1,4,5
1409,166,187,1008,610334.535927806,210488.453151063,0.057445626,187,1007,610338.634010521,210485.742688933,0.143527001,1,5,7
1618,166,188,791,610298.792581315,210432.729712839,0.684397545,188,783,610323.152635299,210438.954505688,0.502593275,2,3,3
1628,166,188,794,610292.778558057,210433.403837768,0.22181073,188,794,610292.808245517,210433.084747887,0.284780617,2,2,2
1630,166,188,794,610293.840768062,210431.897385329,0.076811457,188,794,610292.29857672,210434.246117638,0.202731349,2,2,2
1631,166,188,795,610291.631732774,210437.208895293,0.319687347,188,794,610293.840768062,210431.897385329,0.076811457,2,2,2
1632,166,188,795,610291.747679793,210439.525092097,0.404474968,188,795,610291.631732774,210437.208895293,0.319687347,2,2,2
1635,166,188,796,610283.30476579,210444.789484395,0.074833148,188,796,610284.942234004,210442.977520945,0.01,2,2,2
1636,166,188,796,610279.81075599,210443.92695318,0.10198039,188,796,610283.30476579,210444.789484395,0.074833148,2,2,2
1619,166,188,791,610299.47223163,210427.993774296,0.153297097,188,791,610298.792581315,210432.729712839,0.684397545,2,2,2
1637,166,188,797,610278.854162049,210443.984547529,0.325422802,188,796,610279.81075599,210443.92695318,0.10198039,2,2,2
1638,166,188,797,610274.736853527,210445.041732311,0.436463057,188,797,610278.854162049,210443.984547529,0.325422802,2,2,2
1641,166,188,798,610272.025506328,210445.438454777,0.034641016,188,797,610274.499616084,210446.658141349,0.042426407,2,2,2
1642,166,188,798,610269.654651442,210447.358550773,0.182482876,188,798,610272.025506328,210445.438454777,0.034641016,2,3,3
1644,166,188,798,610270.056884343,210449.40581044,0.30016662,188,798,610271.090744046,210450.250432848,0.18493242,2,2,2
1649,166,188,800,610252.343671223,210451.949047999,0.174642492,188,800,610258.037528462,210449.585268376,0.531977443,1,4,5
1651,166,188,800,610225.700791083,210450.432369241,0.257875939,188,800,610224.205958053,210453.982542747,0.099498744,2,4,8
1652,166,188,801,610225.026799751,210448.946059085,0.165529454,188,800,610225.700791083,210450.432369241,0.257875939,2,2,9
1663,166,188,804,610214.276861276,210441.500603792,0.356230263,188,803,610213.868106153,210443.683478935,0.254950976,2,2,9
1664,166,188,804,610212.643940329,210440.828942419,0.211896201,188,804,610214.276861276,210441.500603792,0.356230263,2,2,9
1665,166,188,804,610209.646311911,210441.494617132,0.292232784,188,804,610212.643940329,210440.828942419,0.211896201,2,2,9
1668,166,188,805,610152.494411648,210470.72011103,11.9028526,188,805,610204.824607468,210439.405687487,0.253179778,3,6,10
1669,166,188,805,609945.47511951,210521.930415154,12.11129225,188,805,610152.494411648,210470.72011103,11.9028526,3,6,10
1670,166,188,805,609767.915050009,210564.101978332,10.67551404,188,805,609945.47511951,210521.930415154,12.11129225,3,6,10
1624,166,188,793,610296.269980678,210427.333702508,0.220454077,188,792,610297.684138149,210429.296156318,0.091104336,2,2,2
1626,166,188,793,610294.692182321,210434.284726612,0.150332964,188,793,610295.9610263,210428.525942774,0.200499377,2,3,3
1845,166,189,768,610333.600976491,210510.477175123,0.082462113,189,768,610333.196918579,210510.189693136,0.03,1,5,7
1846,166,189,768,610333.565812268,210510.324853234,0.144913767,189,768,610333.600976491,210510.477175123,0.082462113,1,5,7
1851,166,189,769,610333.128829235,210510.077596931,0.128840987,189,769,610333.978760552,210510.419658193,0.123693169,1,5,7
1852,166,189,770,610333.765061663,210510.229569635,0.037416574,189,769,610333.128829235,210510.077596931,0.128840987,1,5,7
1853,166,189,770,610334.414431027,210510.554041715,0.090553851,189,770,610333.765061663,210510.229569635,0.037416574,1,5,7
1854,166,189,770,610334.293705564,210510.701535924,0.071414284,189,770,610334.414431027,210510.554041715,0.090553851,1,5,7
1855,166,189,771,610332.565638874,210509.506425116,0.041231056,189,770,610334.293705564,210510.701535924,0.071414284,1,5,7
1856,166,189,771,610334.254294778,210510.184037653,0.042426407,189,771,610332.565638874,210509.506425116,0.041231056,1,5,7
1857,166,189,771,610335.829262628,210510.657117296,0.104403065,189,771,610334.254294778,210510.184037653,0.042426407,1,5,7
1860,166,189,772,610345.963141029,210521.588985444,0.149666295,189,772,610343.531589488,210521.15907573,0.384447656,1,5,7
1863,166,189,773,610336.377718881,210515.704134033,0.50019996,189,773,610335.292494276,210518.100682985,0.716379788,2,2,2
1864,166,189,773,610329.956789228,210509.14497435,0.733416662,189,773,610336.377718881,210515.704134033,0.50019996,2,2,2
529,166,184,541,610254.850168582,210487.566553298,0.214009346,184,539,610249.97347773,210496.070063339,0.288617394,2,2,2
538,166,184,543,610251.094846768,210477.629407273,0.064031242,184,543,610251.356243699,210477.13496627,0.479791621,2,2,2
539,166,184,544,610248.077061066,210473.686767094,0.274954542,184,543,610251.094846768,210477.629407273,0.064031242,2,2,2
543,166,184,545,610245.907259769,210467.044829383,0.203224014,184,544,610246.679396439,210469.313579649,0.214709106,2,2,2
544,166,184,545,610248.040316006,210467.650900267,0.014142136,184,545,610245.907259769,210467.044829383,0.203224014,1,3,6
545,166,184,545,610247.46935669,210469.284478621,0.072801099,184,545,610248.040316006,210467.650900267,0.014142136,2,2,2
546,166,184,545,610246.396279854,210469.854757189,0.240208243,184,545,610247.46935669,210469.284478621,0.072801099,2,2,2
530,166,184,541,610253.974633145,210484.063863705,0.06164414,184,541,610254.850168582,210487.566553298,0.214009346,2,2,2
551,166,184,547,610245.022283651,210468.476198851,0.115758369,184,546,610244.430050338,210467.320976805,0.324499615,2,2,2
552,166,184,547,610244.209852774,210467.529393754,0.04472136,184,547,610245.022283651,210468.476198851,0.115758369,2,2,2
531,166,184,541,610255.049759151,210485.585341027,0.140712473,184,541,610253.974633145,210484.063863705,0.06164414,2,2,2
558,166,184,549,610238.148965717,210466.085761363,0.780448589,184,548,610239.374652163,210467.153937529,0.028284271,2,2,2
560,166,184,549,610237.431316983,210467.548391682,0.083666003,184,549,610237.381012909,210467.050931043,0.100995049,2,2,2
532,166,184,542,610254.738012731,210483.663196802,0.30528675,184,541,610255.049759151,210485.585341027,0.140712473,2,2,2
571,166,184,552,610233.371551418,210470.683446692,0.171172428,184,552,610235.002528814,210472.145349498,0.180277564,1,1,1
572,166,184,552,610234.931990482,210470.864532319,0.21977261,184,552,610233.371551418,210470.683446692,0.171172428,1,1,1
573,166,184,553,610234.050525643,210470.682197515,0.081240384,184,552,610234.931990482,210470.864532319,0.21977261,1,1,1
537,166,184,543,610251.356243699,210477.13496627,0.479791621,184,543,610251.944894718,210479.89724798,0.198242276,2,2,2
911,166,185,994,610253.392006298,210513.415362471,0.262488095,185,994,610261.632097511,210509.859800168,0.271845544,2,2,2
912,166,185,994,610259.364356866,210512.987318072,0.546717477,185,994,610253.392006298,210513.415362471,0.262488095,2,2,2
914,166,185,995,610260.14004737,210517.473964808,0.345832329,185,994,610259.308523802,210515.843413848,0.507050293,1,3,6
919,166,185,996,610271.185513488,210523.521223568,0.178325545,185,996,610265.58500958,210522.424266053,0.180554701,2,2,2
902,166,185,991,610283.873936041,210516.746382007,0.082462113,185,988,610282.655322551,210518.201551799,0.07,2,2,2
921,166,185,997,610264.285840973,210526.523325306,0.275317998,185,996,610264.65104438,210524.427298925,0.315277655,2,2,2
922,166,185,998,610260.154579682,210525.422560855,0.064031242,185,997,610264.285840973,210526.523325306,0.275317998,2,2,2
923,166,185,998,610253.918606739,210525.196269651,0.303809151,185,998,610260.154579682,210525.422560855,0.064031242,2,2,2
924,166,185,998,610260.061056416,210525.994737933,0.014142136,185,998,610253.918606739,210525.196269651,0.303809151,2,2,2
925,166,185,999,610243.10896668,210525.069660714,0.39,185,998,610260.061056416,210525.994737933,0.014142136,2,2,2
931,166,185,1000,610240.94186434,210519.623013894,0.309030743,185,1000,610241.616341102,210521.149147592,0.162480768,2,2,2
935,166,185,1002,610240.78313317,210510.759660322,0.333916157,185,1001,610237.483431673,210515.12106401,0.472228758,2,2,2
936,166,185,1002,610239.425813633,210509.859041104,0.331209903,185,1002,610240.78313317,210510.759660322,0.333916157,2,2,2
938,166,185,1002,610234.360632012,210506.93630807,0.330756708,185,1002,610230.666874933,210508.041756184,0.410974452,2,2,2
945,166,185,1004,610243.206492907,210498.99754829,0.206639783,185,1004,610236.715752443,210500.792926812,0.454862617,2,2,2
946,166,185,1004,610240.042883808,210497.832380264,0.159373775,185,1004,610243.206492907,210498.99754829,0.206639783,2,2,2
947,166,185,1005,610240.754678897,210499.696753797,0.080622577,185,1004,610240.042883808,210497.832380264,0.159373775,2,2,2
948,166,185,1005,610244.265068137,210496.222754271,0.568066897,185,1005,610240.754678897,210499.696753797,0.080622577,2,2,2
907,166,185,993,610273.154453379,210512.886716686,0.170293864,185,992,610272.724055185,210511.291348203,0.211187121,2,2,2
1180,166,186,995,610213.025433347,210497.608589448,1.23971771,186,994,610225.147085257,210499.526258634,0.120415946,1,5,7
1189,166,186,998,610219.775352482,210498.957851654,0.422374242,186,997,610225.571780186,210499.67405531,0.112249722,1,1,1
1195,166,186,999,610217.522801723,210498.605523922,0.243721152,186,999,610209.574311566,210496.606130488,0.388329757,1,1,1
1196,166,186,999,610217.514682806,210498.864602911,0.30757113,186,999,610217.522801723,210498.605523922,0.243721152,1,1,1
1198,166,186,1000,610226.321468099,210500.010651455,0.127279221,186,1000,610227.679184944,210499.988225653,0.16673332,1,1,1
1181,166,186,995,610219.870114077,210498.491906029,0.046904158,186,995,610213.025433347,210497.608589448,1.23971771,1,1,1
1199,166,186,1000,610215.672609772,210498.394611992,0.100498756,186,1000,610226.321468099,210500.010651455,0.127279221,1,1,1
1182,166,186,996,610232.814252705,210501.263286478,0.214009346,186,995,610219.870114077,210498.491906029,0.046904158,1,1,1
1211,166,186,1003,610219.906744572,210498.770386517,0.072801099,186,1003,610219.113156472,210498.48742511,0.114017543,1,5,7
1183,166,186,996,610227.81869586,210499.541682359,0.394208067,186,996,610232.814252705,210501.263286478,0.214009346,1,1,1
1224,166,186,1007,610223.992927574,210500.781473338,0.087749644,186,1007,610224.972860361,210500.816564566,0.133790882,1,5,7
1225,166,186,1007,610225.842347719,210500.925986674,0.104880885,186,1007,610223.992927574,210500.781473338,0.087749644,1,5,7
1226,166,186,1007,610222.086561162,210499.568481415,0.538144962,186,1007,610225.842347719,210500.925986674,0.104880885,2,2,2
1227,166,186,1008,610223.540133859,210498.216816839,0.14,186,1007,610222.086561162,210499.568481415,0.538144962,1,1,1
1184,166,186,996,610221.34082374,210498.614260791,0.478434949,186,996,610227.81869586,210499.541682359,0.394208067,1,1,1
1185,166,186,997,610214.786189907,210498.743589781,0.053851648,186,996,610221.34082374,210498.614260791,0.478434949,1,1,1
1186,166,186,997,610211.725370843,210497.803000865,0.156524758,186,997,610214.786189907,210498.743589781,0.053851648,1,1,1
1865,166,189,774,610326.442588572,210502.718012152,0.486723741,189,773,610329.956789228,210509.14497435,0.733416662,2,2,2
1869,166,189,775,610322.254870213,210464.198769015,0.260192237,189,775,610323.702898934,210462.369092732,0.286006993,2,2,2
1870,166,189,775,610321.706327797,210462.013782658,0.024494897,189,775,610322.254870213,210464.198769015,0.260192237,2,2,2
1871,166,189,775,610317.816976491,210461.614058691,0.392300905,189,775,610321.706327797,210462.013782658,0.024494897,2,2,2
1872,166,189,776,610316.973858286,210460.900040945,0.184119526,189,775,610317.816976491,210461.614058691,0.392300905,2,2,2
1877,166,189,777,610297.383931159,210471.486852592,0.147309199,189,777,610299.003084646,210469.057529731,0.229346899,1,3,4
1878,166,189,777,610299.019306193,210469.495615315,0.372021505,189,777,610297.383931159,210471.486852592,0.147309199,1,3,6
1881,166,189,778,610296.920757283,210467.069649083,0.190525589,189,778,610298.866599306,210468.806776064,0.053851648,2,2,2
1882,166,189,778,610297.135997419,210467.392533506,0.377624152,189,778,610296.920757283,210467.069649083,0.190525589,2,2,2
1840,166,189,767,610319.768555853,210522.252245189,0.547083175,189,766,610321.554642254,210526.521225457,0.070710678,2,4,11
1842,166,189,767,610333.725794106,210510.681578202,0.05,189,767,610333.821712708,210510.315236958,0.178044938,1,5,7
1843,166,189,767,610333.421052038,210510.319896147,0.129614814,189,767,610333.725794106,210510.681578202,0.05,1,5,7
1844,166,189,768,610333.196918579,210510.189693136,0.03,189,767,610333.421052038,210510.319896147,0.129614814,1,5,7
2133,166,190,854,610252.521288151,210433.698670862,0.407185461,190,854,610252.876402046,210434.56446299,0.64691576,2,2,2
2134,166,190,854,610254.795325605,210431.109001163,0.033166248,190,854,610252.521288151,210433.698670862,0.407185461,1,4,5
2135,166,190,855,610250.190320205,210435.219870308,0.02236068,190,854,610254.795325605,210431.109001163,0.033166248,1,3,4
2140,166,190,856,610250.938061018,210427.720610692,0.278028775,190,856,610252.294825375,210428.574772971,0.140356688,2,2,2
2144,166,190,857,610248.061571688,210427.315731552,0.072801099,190,857,610245.237162802,210424.685649685,0.286530976,2,2,2
2145,166,190,858,610244.799490558,210424.378623569,0.186815417,190,857,610248.061571688,210427.315731552,0.072801099,2,2,2
2146,166,190,858,610243.038211947,210423.197125632,0.412431813,190,858,610244.799490558,210424.378623569,0.186815417,1,3,6
2148,166,190,858,610242.572953152,210425.307595428,0.041231056,190,858,610243.695661936,210427.094160363,0.204939015,2,2,2
2150,166,190,859,610238.46877489,210426.537274319,0.4982971,190,859,610238.113844984,210424.728511742,0.938189746,2,4,8
2125,166,190,852,610256.67126464,210436.412958166,0.433704969,190,852,610259.166088691,210437.499601511,0.033166248,2,2,2
2156,166,190,861,610234.208498003,210429.661340137,0.115758369,190,860,610234.639281505,210430.333679717,0.071414284,2,2,2
2157,166,190,861,610230.25009563,210425.231531947,0.163095064,190,861,610234.208498003,210429.661340137,0.115758369,2,2,2
2158,166,190,861,610229.555934628,210423.924750556,0.239582971,190,861,610230.25009563,210425.231531947,0.163095064,2,2,2
2159,166,190,861,610222.836678944,210431.925023967,0.466690476,190,861,610229.555934628,210423.924750556,0.239582971,2,2,2
2160,166,190,862,610221.815725433,210431.232973317,0.457165178,190,861,610222.836678944,210431.925023967,0.466690476,2,2,2
2161,166,190,862,610223.271317827,210432.929351226,0.145945195,190,862,610221.815725433,210431.232973317,0.457165178,1,3,6
2162,166,190,862,610221.790051799,210429.021944218,0.5800862,190,862,610223.271317827,210432.929351226,0.145945195,2,2,2
2166,166,190,863,610220.178873882,210430.222683391,0.106301458,190,863,610221.292519543,210427.394128026,0.1396424,2,2,2
2170,166,190,865,610212.570660918,210435.477441351,0.116619038,190,864,610211.713384071,210435.460834114,0.156204994,2,2,9
2590,166,192,924,610237.835566422,210465.936668984,0.05,192,923,610241.140204718,210467.744357713,0.312089731,2,2,2
2591,166,192,924,610235.428997348,210468.614232588,0.498096376,192,924,610237.835566422,210465.936668984,0.05,2,2,2
2592,166,192,924,610233.761584568,210472.637893561,0.278208555,192,924,610235.428997348,210468.614232588,0.498096376,2,2,2
2593,166,192,924,610235.762362618,210475.270885183,0.26925824,192,924,610233.761584568,210472.637893561,0.278208555,2,2,2
2595,166,192,925,610238.585203541,210480.636888971,0.33015148,192,925,610235.69499167,210478.093925091,0.254558441,2,2,2
2596,166,192,925,610240.342758543,210483.412154149,0.540925133,192,925,610238.585203541,210480.636888971,0.33015148,2,2,2
2597,166,192,925,610240.485292607,210487.056185976,0.243515913,192,925,610240.342758543,210483.412154149,0.540925133,2,2,2
2598,166,192,926,610244.329957143,210488.39938107,0.163095064,192,925,610240.485292607,210487.056185976,0.243515913,2,2,2
2582,166,192,921,610261.1970965,210464.775390967,0.45033321,192,919,610269.344942323,210464.773688921,0.133790882,2,2,2
2604,166,192,928,610256.384910215,210495.112330402,0.405709256,192,927,610254.669936505,210492.170569359,0.243721152,2,2,2
2605,166,192,928,610258.97265704,210495.573649366,0.50009999,192,928,610256.384910215,210495.112330402,0.405709256,2,2,2
2606,166,192,928,610257.184456039,210494.950302175,0.139283883,192,928,610258.97265704,210495.573649366,0.50009999,1,1,1
2583,166,192,922,610254.792746518,210459.636949703,0.100498756,192,921,610261.1970965,210464.775390967,0.45033321,1,1,1
2612,166,192,930,610257.530024066,210494.03652607,0.123693169,192,929,610258.077451688,210494.209457662,0.094339811,1,1,1
2619,166,192,932,610257.241815897,210494.139485154,0.075498344,192,931,610257.666419138,210495.236884496,0.094339811,1,1,12
2620,166,192,932,610258.065936291,210494.17638866,0.06164414,192,932,610257.241815897,210494.139485154,0.075498344,1,1,12
2621,166,192,932,610259.788301141,210493.923945898,0.253574447,192,932,610258.065936291,210494.17638866,0.06164414,1,1,12
2622,166,192,933,610256.597494347,210492.334098174,0.107238053,192,932,610259.788301141,210493.923945898,0.253574447,1,1,1
2624,166,192,934,610256.563319334,210493.224332667,0.140356688,192,933,610256.620896287,210493.389677743,0.051961524,1,1,1
2626,166,192,935,610256.673610523,210493.136723049,0.08660254,192,934,610256.630419621,210492.293871969,0.132664992,1,1,1
2627,166,192,935,610256.813107383,210493.646425754,0.050990195,192,935,610256.673610523,210493.136723049,0.08660254,1,1,1
2628,166,192,935,610255.681067062,210493.931849438,0.115325626,192,935,610256.813107383,210493.646425754,0.050990195,1,1,1
2931,166,194,1035,610262.804447728,210494.851765192,0.216564078,194,1024,610232.292736682,210444.890577293,0.117898261,2,2,2
2932,166,194,1045,610251.712685107,210481.945246177,0.06,194,1035,610262.804447728,210494.851765192,0.216564078,1,7,13
2933,166,194,1056,610253.262706778,210481.229970002,0.080622577,194,1045,610251.712685107,210481.945246177,0.06,1,7,13
3029,166,195,635,610298.246733876,210521.765472469,0.054772256,195,634,610288.862145066,210519.749654725,0.192613603,2,3,3
3040,166,195,639,610290.575022069,210498.579646277,0.124498996,195,639,610290.492212489,210501.030964359,0.351710108,2,2,2
3041,166,195,640,610282.172846487,210496.811339426,0.88096538,195,639,610290.575022069,210498.579646277,0.124498996,2,2,2
3042,166,195,640,610280.91391522,210490.969017054,0.088317609,195,640,610282.172846487,210496.811339426,0.88096538,2,2,2
3043,166,195,641,610277.062735653,210490.980582534,0.270370117,195,640,610280.91391522,210490.969017054,0.088317609,2,2,2
3048,166,195,642,610274.803346877,210488.124847853,0.356230263,195,642,610278.087618491,210488.17963934,0.38340579,1,3,4
3053,166,195,643,610267.247276122,210489.24196609,0.160934769,195,643,610269.4876478,210487.588986948,0.219317122,2,2,2
3055,166,195,644,610270.330677107,210489.252608089,0.232163735,195,644,610270.469386459,210490.652153196,0.141774469,2,2,2
3058,166,195,645,610266.884113215,210483.854051476,0.4982971,195,645,610270.541042682,210485.325593811,0.136381817,2,2,2
3059,166,195,646,610267.695302552,210480.863011399,0.123693169,195,645,610266.884113215,210483.854051476,0.4982971,2,2,2
3060,166,195,646,610267.161449408,210478.027055934,0.134907376,195,646,610267.695302552,210480.863011399,0.123693169,1,1,1
3061,166,195,646,610265.598445759,210478.583106455,0.051961524,195,646,610267.161449408,210478.027055934,0.134907376,1,1,1
3066,166,195,648,610257.236647606,210475.499451172,0.328329103,195,647,610261.399665175,210476.460438235,0.865794433,2,2,2
3032,166,195,636,610304.971890525,210527.683632441,0.487442304,195,636,610301.17577269,210523.816526474,0.224944438,1,3,4
3067,166,195,648,610259.245524457,210474.997984367,0.074833148,195,648,610257.236647606,210475.499451172,0.328329103,2,2,2
3068,166,195,649,610257.085601108,210476.869164949,0.01,195,648,610259.245524457,210474.997984367,0.074833148,2,2,2
3070,166,195,649,610252.071408668,210480.247728464,0.380657326,195,649,610252.769471737,210476.142376962,0.18493242,2,4,8
3071,166,195,650,610254.770543061,210479.758158647,0.13,195,649,610252.071408668,210480.247728464,0.380657326,1,7,13
3072,166,195,650,610256.541902175,210479.890304944,0.04,195,650,610254.770543061,210479.758158647,0.13,1,7,13
3033,166,195,636,610306.667052038,210527.006503512,0.284429253,195,636,610304.971890525,210527.683632441,0.487442304,2,2,2
3077,166,195,651,610254.697421219,210480.170724337,0.065574385,195,651,610253.551858441,210480.250444101,0.106301458,1,7,13
3078,166,195,651,610256.320238967,210479.972568061,0.108627805,195,651,610254.697421219,210480.170724337,0.065574385,1,7,13
3079,166,195,652,610256.30778039,210480.816066026,0.100498756,195,651,610256.320238967,210479.972568061,0.108627805,1,7,13
3082,166,195,653,610256.524041808,210480.269025342,0.072801099,195,652,610256.670653999,210480.433335772,0.104403065,1,7,13
3083,166,195,653,610256.482379183,210480.515210863,0.200249844,195,653,610256.524041808,210480.269025342,0.072801099,1,7,13
3084,166,195,653,610255.948242233,210480.52805933,0.083066239,195,653,610256.482379183,210480.515210863,0.200249844,1,7,13
3085,166,195,653,610255.326535796,210480.668096529,0.087749644,195,653,610255.948242233,210480.52805933,0.083066239,1,7,13
3034,166,195,637,610303.866940008,210523.599289857,0.128840987,195,636,610306.667052038,210527.006503512,0.284429253,2,2,2
3089,166,195,654,610256.09786401,210480.951317276,0.03,195,654,610256.482456351,210480.521850542,0.09797959,1,7,13
3090,166,195,655,610255.736319469,210480.490678895,0.070710678,195,654,610256.09786401,210480.951317276,0.03,1,7,13
3091,166,195,655,610256.54630073,210480.268766644,0.09486833,195,655,610255.736319469,210480.490678895,0.070710678,1,7,13
3092,166,195,655,610256.073058522,210480.732466551,0.129614814,195,655,610256.54630073,210480.268766644,0.09486833,1,7,13
3096,166,195,656,610256.412266996,210481.186723904,0.067082039,195,656,610256.315668775,210480.537070147,0.150996689,1,7,13
3035,166,195,637,610302.199709629,210520.93591456,0.858254042,195,637,610303.866940008,210523.599289857,0.128840987,2,2,2
3097,166,195,657,610256.480912988,210480.389056961,0.024494897,195,656,610256.412266996,210481.186723904,0.067082039,1,7,13
3098,166,195,657,610256.746090849,210480.219960608,0.057445626,195,657,610256.480912988,210480.389056961,0.024494897,1,7,13
3099,166,195,657,610256.760384199,210480.492058084,0.031622777,195,657,610256.746090849,210480.219960608,0.057445626,1,7,13
3103,166,195,659,610324.145185691,210498.508096521,9.224212704,195,658,610256.007747961,210480.859396566,0.189208879,3,6,10
3104,166,195,660,610283.650330061,210327.792531248,11.79300216,195,659,610324.145185691,210498.508096521,9.224212704,3,6,10
3106,166,195,661,610289.318719743,210426.856611077,0.017320508,195,660,610324.304416341,210452.826373513,8.484780492,1,1,1
3107,166,195,661,610294.485737003,210421.298264698,0.743639698,195,661,610289.318719743,210426.856611077,0.017320508,1,1,1
3109,166,195,662,610293.158372579,210422.017570808,0.111803399,195,662,610291.355496244,210423.964254799,0.017320508,1,1,1
3110,166,195,663,610288.889721186,210439.757499758,0.60506198,195,662,610293.158372579,210422.017570808,0.111803399,2,8,14
3111,166,195,664,610290.614042298,210438.714832608,0.131529464,195,663,610288.889721186,210439.757499758,0.60506198,1,1,1
3113,166,195,665,610286.911092712,210439.030099122,0.321558704,195,664,610289.303413857,210440.874944559,0.070710678,1,1,1
3114,166,195,665,610288.68975114,210440.749261095,0.294788059,195,665,610286.911092712,210439.030099122,0.321558704,1,1,1
3247,166,196,653,610217.18234334,210438.651232864,0.083066239,196,643,610267.706613173,210471.300473349,0.358050276,2,2,2
3390,166,197,726,610226.331507009,210476.934386782,0.197230829,197,715,610230.644602343,210497.510003506,0.16881943,2,2,2
3400,166,197,731,610230.737769994,210476.796851712,0.284429253,197,731,610231.049045448,210474.847535199,0.16881943,1,1,1
3401,166,197,732,610226.075143619,210476.904163003,0.064031242,197,731,610230.737769994,210476.796851712,0.284429253,1,1,1
3402,166,197,732,610230.061301284,210475.098075837,0.152970585,197,732,610226.075143619,210476.904163003,0.064031242,1,1,1
3403,166,197,733,610231.943260271,210475.169174005,0.11045361,197,732,610230.061301284,210475.098075837,0.152970585,1,1,1
3404,166,197,734,610230.403613929,210474.861676381,0.024494897,197,733,610231.943260271,210475.169174005,0.11045361,1,1,1
3405,166,197,735,610229.424588975,210475.862505032,0.232808935,197,734,610230.403613929,210474.861676381,0.024494897,1,1,1
3406,166,197,735,610228.645603944,210475.878198405,0.107703296,197,735,610229.424588975,210475.862505032,0.232808935,1,4,5
3391,166,197,727,610228.813608039,210476.925463039,0.17,197,726,610226.331507009,210476.934386782,0.197230829,1,3,6
3409,166,197,737,610234.193648866,210475.335599638,0.458475735,197,736,610226.028520123,210473.850020529,0.50645829,1,1,1
3410,166,197,737,610230.289927366,210474.657138559,0.034641016,197,737,610234.193648866,210475.335599638,0.458475735,1,1,1
3412,166,197,738,610231.056144228,210475.458388921,0.106770783,197,738,610229.0402643,210474.399395692,0.067082039,1,1,1
3413,166,197,739,610228.158163639,210475.120192322,0.092736185,197,738,610231.056144228,210475.458388921,0.106770783,1,1,1
3415,166,197,740,610231.350022303,210473.927633277,0.117898261,197,739,610229.105806507,210474.292384212,0.059160798,1,1,1
3417,166,197,741,610224.617356786,210475.978136523,0.156843871,197,740,610230.594916522,210474.082501684,0.108627805,1,5,7
3418,166,197,741,610223.81102019,210475.555866773,0.075498344,197,741,610224.617356786,210475.978136523,0.156843871,1,5,7
3420,166,197,743,610229.090664769,210473.947248258,0.164924225,197,742,610229.769697673,210474.908886809,0.073484692,1,5,7
3422,166,197,744,610228.3814657,210474.221114322,0.192613603,197,743,610227.33562371,210473.303581657,0.070710678,1,5,7
3423,166,197,744,610228.140552721,210474.562585311,0.03,197,744,610228.3814657,210474.221114322,0.192613603,1,1,1
3424,166,197,745,610228.26058483,210474.355331362,0.033166248,197,744,610228.140552721,210474.562585311,0.03,1,5,7
3425,166,197,745,610327.059283119,210439.885284716,0.133416641,197,745,610228.26058483,210474.355331362,0.033166248,1,4,5
3426,166,197,746,610200.86737335,210795.271397737,19.42283707,197,745,610327.059283119,210439.885284716,0.133416641,3,6,10
3393,166,197,728,610229.926827127,210478.851584742,0.066332496,197,727,610232.935307229,210476.24670513,0.176635217,1,1,1
3394,166,197,728,610230.247379291,210476.74278524,0.091104336,197,728,610229.926827127,210478.851584742,0.066332496,1,1,1
3395,166,197,729,610232.512619234,210476.271539147,0.33,197,728,610230.247379291,210476.74278524,0.091104336,1,1,1
3396,166,197,729,610232.037756252,210476.595806949,0.289827535,197,729,610232.512619234,210476.271539147,0.33,1,1,1
3398,166,197,730,610230.000275504,210477.509327383,0.433012702,197,730,610230.939893085,210475.990988792,0.172916165,1,1,1
6940,167,184,592,609596.546457823,210452.380730838,0.229346899,184,592,609596.709296943,210455.858981491,0.262488095,2,2,2
6941,167,184,592,609598.460151024,210450.392623644,0.092195445,184,592,609596.546457823,210452.380730838,0.229346899,2,2,2
6946,167,184,594,609601.993904309,210438.383627863,0.123693169,184,593,609598.786389769,210441.104033093,0.074833148,2,2,2
6947,167,184,594,609603.196425338,210435.54039333,0.190262976,184,594,609601.993904309,210438.383627863,0.123693169,2,2,2
6948,167,184,594,609603.29299328,210434.270748969,0.251992063,184,594,609603.196425338,210435.54039333,0.190262976,2,2,2
6932,167,184,590,609600.002334766,210464.335120113,0.256124969,184,590,609599.785336257,210466.735218246,0.041231056,2,2,2
6951,167,184,595,609602.851400865,210427.873486661,0.148660687,184,595,609602.570873173,210429.596887495,0.294618397,2,2,2
6953,167,184,595,609603.310886711,210422.388929774,0.269443872,184,595,609603.562209468,210422.943896852,0.194164878,2,2,2
6954,167,184,596,609604.674239634,210419.975529635,0.287228132,184,595,609603.310886711,210422.388929774,0.269443872,2,2,2
6933,167,184,590,609599.213091411,210463.467612064,0.115325626,184,590,609600.002334766,210464.335120113,0.256124969,2,2,2
6960,167,184,597,609607.314179591,210414.385970868,0.050990195,184,597,609607.022656144,210414.203393066,0.128062485,1,3,6
6961,167,184,598,609607.479117266,210414.211378165,0.09,184,597,609607.314179591,210414.385970868,0.050990195,1,3,6
6963,167,184,598,609607.422884521,210413.202526498,0.046904158,184,598,609605.585216964,210413.110949614,0.343656806,2,2,2
6966,167,184,599,609603.363912233,210407.777054912,0.156204994,184,599,609604.073158629,210408.466179533,0.12083046,2,2,2
6967,167,184,599,609602.70001939,210405.241071737,0.220454077,184,599,609603.363912233,210407.777054912,0.156204994,2,2,2
6971,167,184,601,609603.436534341,210399.647039392,0.286530976,184,600,609602.894505127,210399.938912429,0.107703296,2,2,2
6973,167,184,601,609603.372471851,210395.085085383,0.100498756,184,601,609601.552260047,210397.457289213,0.40012498,1,3,6
6974,167,184,601,609602.259254658,210394.115061934,0.35,184,601,609603.372471851,210395.085085383,0.100498756,2,2,2
6980,167,184,603,609601.376263047,210381.327168263,0.15132746,184,603,609598.463739286,210381.653177392,0.206397674,1,3,6
6981,167,184,603,609598.615429565,210380.336403459,0.222036033,184,603,609601.376263047,210381.327168263,0.15132746,2,2,2
6982,167,184,604,609597.296187107,210380.796685414,0.100498756,184,603,609598.615429565,210380.336403459,0.222036033,2,2,2
6984,167,184,604,609594.634787759,210380.701367519,0.071414284,184,604,609600.821716788,210381.499637794,0.024494897,1,3,6
6986,167,184,605,609594.01935527,210378.503530367,0.13453624,184,605,609593.70257151,210379.981616277,0.206397674,2,2,2
6987,167,184,605,609591.343244748,210377.139855815,0.434165867,184,605,609594.01935527,210378.503530367,0.13453624,2,2,2
6939,167,184,592,609596.709296943,210455.858981491,0.262488095,184,591,609600.092645881,210455.819683716,0.106301458,2,2,2
7268,167,185,1022,610380.621304647,210520.315977157,0.074833148,185,1022,610377.192484884,210522.188610827,0.014142136,1,7,13
7278,167,185,1025,610380.391369886,210520.64403138,0.090553851,185,1025,610382.443852853,210518.149929171,0.033166248,1,7,13
7279,167,185,1025,610379.873391025,210520.132104377,0.053851648,185,1025,610380.391369886,210520.64403138,0.090553851,1,7,13
7281,167,185,1026,610382.08731435,210519.077091886,0.186010752,185,1026,610380.26994069,210521.687987365,0.171464282,1,7,13
7282,167,185,1026,610380.020004664,210520.296409259,0.11045361,185,1026,610382.08731435,210519.077091886,0.186010752,1,7,13
7269,167,185,1022,610381.486014371,210519.057523843,0.16881943,185,1022,610380.621304647,210520.315977157,0.074833148,1,7,13
7288,167,185,1028,610379.923777926,210520.636189166,0.094339811,185,1028,610380.876818987,210520.273162841,0.083666003,1,7,13
7290,167,185,1028,610379.886287546,210521.24090215,0.273678644,185,1028,610380.304419237,210520.824333651,0.124096736,1,7,13
7291,167,185,1029,610377.697026522,210521.545263052,0.037416574,185,1028,610379.886287546,210521.24090215,0.273678644,1,7,13
7292,167,185,1029,610380.512712852,210520.549654362,0.081240384,185,1029,610377.697026522,210521.545263052,0.037416574,1,7,13
7293,167,185,1029,610380.424458602,210519.660866576,0.071414284,185,1029,610380.512712852,210520.549654362,0.081240384,1,7,13
7294,167,185,1030,610381.535242813,210519.462015891,0.114455231,185,1029,610380.424458602,210519.660866576,0.071414284,1,7,13
7270,167,185,1022,610381.157536024,210519.526172571,0.177200451,185,1022,610381.486014371,210519.057523843,0.16881943,1,7,13
7301,167,185,1032,610379.589893991,210520.640072594,0.117898261,185,1031,610381.236841708,210518.68855929,0.134907376,1,7,13
7302,167,185,1032,610380.009338545,210520.336375751,0.080622577,185,1032,610379.589893991,210520.640072594,0.117898261,1,7,13
7304,167,185,1032,610379.577528933,210520.533969913,0.18973666,185,1032,610379.964820686,210520.336893538,0.058309519,1,7,13
7305,167,185,1033,610380.012350295,210520.595316541,0.347131099,185,1032,610379.577528933,210520.533969913,0.18973666,1,7,13
7306,167,185,1033,610379.942947879,210520.37034997,0.179722008,185,1033,610380.012350295,210520.595316541,0.347131099,1,7,13
7271,167,185,1023,610381.88165566,210518.621296046,0.071414284,185,1022,610381.157536024,210519.526172571,0.177200451,1,7,13
7307,167,185,1033,610379.44467038,210520.595278856,0.123693169,185,1033,610379.942947879,210520.37034997,0.179722008,1,7,13
7327,167,185,1039,610374.087575061,210516.500688516,?,185,1039,610380.282990427,210515.153676881,0.309354166,1,7,13
7328,167,185,1040,610374.762565172,210513.285518908,0.124096736,185,1039,610374.087575061,210516.500688516,?,1,1,1
7331,167,185,1041,610375.952281281,210511.259638558,0.306757233,185,1040,610372.800119256,210515.86490115,0.294278779,1,7,13
7333,167,185,1041,610375.139830368,210511.269086628,0.306757233,185,1041,610376.897127598,210511.149044705,0.078740079,1,7,13
7334,167,185,1042,610376.70074608,210510.533770321,0.284780617,185,1041,610375.139830368,210511.269086628,0.306757233,1,7,13
7335,167,185,1043,610377.440243397,210509.99393804,0.352420204,185,1042,610376.70074608,210510.533770321,0.284780617,1,7,13
7336,167,185,1043,610377.315282761,210508.820038798,0.017320508,185,1043,610377.440243397,210509.99393804,0.352420204,1,7,13
7339,167,185,1045,610376.40687974,210512.064482048,0.070710678,185,1044,610375.303739371,210512.92064307,0,1,7,13
7340,167,185,1046,610376.985931681,210511.128090767,0.1,185,1045,610376.40687974,210512.064482048,0.070710678,1,7,13
7344,167,185,1048,610380.016202774,210507.526953923,0.328329103,185,1047,610373.695680873,210513.430734539,0.460543158,1,7,13
7345,167,185,1048,610378.192425854,210508.630547852,0.151657509,185,1048,610380.016202774,210507.526953923,0.328329103,1,7,13
7447,167,186,766,609537.036945959,210318.699594334,0.148996644,186,758,609542.155753092,210372.350615524,0.086023253,1,3,6
7456,167,186,768,609546.758369917,210299.837847025,0.453982379,186,768,609548.877955986,210303.127432486,0.197484177,1,3,6
7457,167,186,769,609545.37708893,210299.747580405,0.11,186,768,609546.758369917,210299.837847025,0.453982379,1,3,6
7458,167,186,769,609543.866801124,210297.168222928,0.373898382,186,769,609545.37708893,210299.747580405,0.11,1,3,6
7459,167,186,769,609545.78129527,210297.165974584,0.12328828,186,769,609543.866801124,210297.168222928,0.373898382,2,2,2
7460,167,186,769,609551.121579961,210296.944728006,0.066332496,186,769,609545.78129527,210297.165974584,0.12328828,1,3,6
7463,167,186,770,609546.763322803,210291.615543573,0.174928557,186,770,609548.081309183,210292.968440719,0.274772633,2,2,2
7448,167,186,766,609546.393261798,210309.63837185,0.070710678,186,766,609537.036945959,210318.699594334,0.148996644,2,2,2
7467,167,186,772,609549.438092837,210289.02092936,0.114455231,186,771,609550.271514411,210289.861396853,0.12083046,1,3,4
7468,167,186,772,609549.637612434,210287.026153472,0.140712473,186,772,609549.438092837,210289.02092936,0.114455231,1,3,6
7469,167,186,772,609548.277741437,210283.017118864,0.415932687,186,772,609549.637612434,210287.026153472,0.140712473,2,2,2
7470,167,186,773,609552.441401613,210284.038198196,0.350142828,186,772,609548.277741437,210283.017118864,0.415932687,2,2,2
7471,167,186,773,609548.610355483,210280.980952488,0.238327506,186,773,609552.441401613,210284.038198196,0.350142828,2,2,2
7477,167,186,775,609550.677320892,210274.919851893,0.438748219,186,774,609549.821164061,210273.076770977,0.23194827,2,2,2
7480,167,186,775,609554.280243044,210273.65609659,0.156204994,186,775,609552.517332775,210273.291295663,0.096953597,2,2,2
7481,167,186,776,609554.81820539,210273.012280523,0.553172667,186,775,609554.280243044,210273.65609659,0.156204994,2,2,2
7483,167,186,776,609558.382033876,210270.294483263,0.154272486,186,776,609557.86488674,210271.774891557,0.42860238,2,2,2
7485,167,186,777,609557.933346803,210267.111738443,0.13453624,186,776,609556.778668957,210268.327223203,0.366196668,2,2,2
7450,167,186,767,609546.256610056,210305.528831112,0.074833148,186,767,609545.503958776,210308.778629676,0.041231056,2,2,2
7491,167,186,778,609564.200172105,210264.236471524,?,186,778,609563.392796061,210264.684157841,0.185741756,2,2,2
7493,167,186,779,609570.618739534,210265.815916574,0.397492138,186,779,609567.861296641,210264.154245494,0.180554701,2,2,2
7494,167,186,779,609571.208128102,210269.614685709,0.300832179,186,779,609570.618739534,210265.815916574,0.397492138,1,3,6
7452,167,186,767,609546.431041732,210304.251631729,0.361247837,186,767,609547.360193654,210305.668803617,0.245153013,1,3,6
7455,167,186,768,609548.877955986,210303.127432486,0.197484177,186,768,609545.292661529,210303.029487941,0.174928557,2,2,2
7666,167,187,792,610311.873077779,210512.370047844,0.589745708,187,791,610316.393344473,210519.1638303,0.279642629,2,2,2
7677,167,187,795,610178.189290312,210536.217451673,10.87589996,187,795,610304.927886643,210507.629804343,0.200997512,3,6,10
7678,167,187,795,610010.136157975,210558.400767024,10.7969116,187,795,610178.189290312,210536.217451673,10.87589996,3,6,10
7679,167,187,795,609859.357432856,210511.615475072,8.803573138,187,795,610010.136157975,210558.400767024,10.7969116,3,6,10
7670,167,187,793,610305.8645372,210507.771644554,0.075498344,187,793,610307.340907263,210506.466218908,0.114455231,1,4,5
7671,167,187,793,610303.635556545,210507.53194301,0.041231056,187,793,610305.8645372,210507.771644554,0.075498344,1,4,5
7750,167,187,815,609580.104291375,210288.101287149,0.156524758,187,815,609578.285585978,210291.569292128,0.120415946,1,3,6
7751,167,187,815,609580.579663602,210285.897443097,0.024494897,187,815,609580.104291375,210288.101287149,0.156524758,1,3,6
7753,167,187,816,609580.819626304,210279.704779032,0.200997512,187,815,609581.331811912,210283.564206093,0.13190906,1,3,6
7754,167,187,816,609581.379809386,210277.13467145,0.260959767,187,816,609580.819626304,210279.704779032,0.200997512,2,2,2
7755,167,187,816,609580.9725963,210275.611839259,0.181934054,187,816,609581.379809386,210277.13467145,0.260959767,2,2,2
7759,167,187,817,609579.662582151,210269.178100192,0.224944438,187,817,609580.223606641,210270.526473524,0.251992063,2,2,2
7760,167,187,818,609579.448876776,210268.024951396,0.217485632,187,817,609579.662582151,210269.178100192,0.224944438,1,3,6
7764,167,187,819,609580.578956903,210259.876023131,0.283196045,187,819,609580.579079665,210262.771718991,0.197230829,2,2,2
7904,167,188,823,610139.140051402,210552.323965887,5.525124433,188,813,610203.422752909,210529.482460792,0.172916165,3,6,10
7921,167,188,831,609684.211229682,210328.397629252,0.305941171,188,830,609691.992153755,210330.352996326,0.76223356,2,2,2
7922,167,188,831,609680.748635955,210327.361853926,0.299833287,188,831,609684.211229682,210328.397629252,0.305941171,2,2,2
7923,167,188,831,609675.949229751,210327.19166456,0.204205779,188,831,609680.748635955,210327.361853926,0.299833287,2,2,2
7924,167,188,831,609675.257799843,210328.99949063,0.086023253,188,831,609675.949229751,210327.19166456,0.204205779,2,2,2
7925,167,188,832,609671.569337092,210328.643752223,0.115758369,188,831,609675.257799843,210328.99949063,0.086023253,2,2,2
7927,167,188,832,609665.824928795,210328.570852909,0.324037035,188,832,609670.819614843,210329.263447869,0.070710678,2,2,2
7932,167,188,834,609668.632556497,210336.481416117,0.014142136,188,833,609668.526726628,210336.954181265,0.167928556,2,2,2
7933,167,188,834,609668.593472771,210335.990406403,0.033166248,188,834,609668.632556497,210336.481416117,0.014142136,1,5,7
7934,167,188,834,609668.460304287,210336.025156789,0.100498756,188,834,609668.593472771,210335.990406403,0.033166248,1,5,7
7935,167,188,834,609667.883005272,210335.195032791,0.144568323,188,834,609668.460304287,210336.025156789,0.100498756,2,2,2
7938,167,188,835,609660.998128554,210338.522472412,0.369594372,188,835,609663.341668804,210338.083542671,0.160312195,2,2,2
7939,167,188,835,609657.059799596,210339.657310592,0.35,188,835,609660.998128554,210338.522472412,0.369594372,2,2,2
7940,167,188,836,609653.555981,210340.826962551,0.075498344,188,835,609657.059799596,210339.657310592,0.35,2,2,2
7941,167,188,836,609652.937119645,210341.212696223,0.083066239,188,836,609653.555981,210340.826962551,0.075498344,1,5,7
7948,167,188,838,609641.120974794,210361.798612463,0.451442134,188,838,609643.635926607,210359.823513259,0.185741756,2,2,2
7949,167,188,838,609640.772405835,210367.255266387,0.065574385,188,838,609641.120974794,210361.798612463,0.451442134,2,2,2
7950,167,188,838,609637.449397572,210369.618303442,0.342198773,188,838,609640.772405835,210367.255266387,0.065574385,2,2,2
7951,167,188,839,609632.946055843,210370.022525482,0.359444015,188,838,609637.449397572,210369.618303442,0.342198773,2,2,2
8127,167,189,804,610358.667419089,210514.262909361,0.140712473,189,804,610357.327307127,210515.799154488,0.057445626,2,8,14
8219,167,189,829,610271.284947341,210538.766786342,0.260192237,189,829,610273.699565958,210540.611329661,0.237697286,2,2,2
8220,167,189,829,610270.060094391,210537.771671935,0.312089731,189,829,610271.284947341,210538.766786342,0.260192237,2,2,2
8221,167,189,829,610266.710138787,210535.89816401,0.245356883,189,829,610270.060094391,210537.771671935,0.312089731,2,2,2
8222,167,189,830,610266.124615661,210534.364364967,0.06164414,189,829,610266.710138787,210535.89816401,0.245356883,2,2,2
8128,167,189,804,610360.422255836,210512.974178556,0.060827625,189,804,610358.667419089,210514.262909361,0.140712473,1,5,7
8129,167,189,805,610359.867028803,210512.130660048,0.207123152,189,804,610360.422255836,210512.974178556,0.060827625,2,8,14
8131,167,189,805,610359.991482429,210510.389419269,0.024494897,189,805,610360.396533118,210511.719435934,0.220454077,2,8,14
8132,167,189,805,610360.00662684,210510.734545677,0.090553851,189,805,610359.991482429,210510.389419269,0.024494897,1,5,7
8119,167,189,802,610356.836684108,210515.725175176,0.070710678,189,802,610356.5965462,210516.133034692,0.232808935,1,5,7
8138,167,189,807,610360.792309687,210506.508734753,0.02236068,189,807,610360.780794198,210506.475666497,0.0678233,1,5,7
8139,167,189,807,610360.680320203,210506.450273085,0.078102497,189,807,610360.792309687,210506.508734753,0.02236068,1,5,7
8140,167,189,808,610360.573117429,210506.803462547,0.126885775,189,807,610360.680320203,210506.450273085,0.078102497,1,5,7
8141,167,189,808,610360.928797048,210506.759484074,0.06164414,189,808,610360.573117429,210506.803462547,0.126885775,1,5,7
8143,167,189,808,610361.500966773,210506.188394201,0.115758369,189,808,610360.692839355,210506.569655288,0.137477271,1,5,7
8144,167,189,809,610361.370964617,210506.495365692,0.070710678,189,808,610361.500966773,210506.188394201,0.115758369,1,5,7
8145,167,189,809,610360.824771622,210506.428672103,0.078740079,189,809,610361.370964617,210506.495365692,0.070710678,1,5,7
8146,167,189,809,610360.402701239,210506.506624709,0.037416574,189,809,610360.824771622,210506.428672103,0.078740079,1,5,7
8151,167,189,810,610360.92686692,210506.593495726,0.115758369,189,810,610361.314931271,210506.462815095,0.059160798,1,5,7
8152,167,189,811,610361.64904681,210506.478851276,0.087749644,189,810,610360.92686692,210506.593495726,0.115758369,1,5,7
8153,167,189,811,610361.342054121,210506.880846867,0.08660254,189,811,610361.64904681,210506.478851276,0.087749644,1,5,7
8154,167,189,811,610361.045971219,210506.306572219,0.064807407,189,811,610361.342054121,210506.880846867,0.08660254,1,5,7
8155,167,189,812,610361.25557813,210506.144764559,0.07,189,811,610361.045971219,210506.306572219,0.064807407,1,5,7
8156,167,189,812,610361.791490907,210506.284622446,0.11,189,812,610361.25557813,210506.144764559,0.07,1,5,7
8158,167,189,812,610359.848972533,210509.620786237,0.314642654,189,812,610362.126764515,210506.400251621,0.143527001,2,8,14
8159,167,189,813,610357.542000141,210517.031778842,0.263818119,189,812,610359.848972533,210509.620786237,0.314642654,2,8,14
8160,167,189,813,610354.926229383,210520.860532841,0.502891638,189,813,610357.542000141,210517.031778842,0.263818119,2,8,14
8161,167,189,813,610352.13771105,210526.105715143,0.222036033,189,813,610354.926229383,210520.860532841,0.502891638,2,8,14
8165,167,189,814,610369.454894129,210529.709240293,0.122065556,189,814,610370.651925778,210530.226548815,0.720347139,2,4,15
8166,167,189,814,610369.702754594,210529.965333339,0.184119526,189,814,610369.454894129,210529.709240293,0.122065556,2,4,15
8167,167,189,815,610368.963568494,210530.531727681,0.053851648,189,814,610369.702754594,210529.965333339,0.184119526,2,4,15
8174,167,189,817,610324.855888529,210513.679975069,0.194164878,189,816,610322.63734196,210513.380391756,0.294788059,2,2,2
8179,167,189,818,610329.478263251,210528.295030707,0.610655386,189,818,610329.930518621,210523.156682309,0.06,2,2,2
8180,167,189,818,610330.691345713,210532.105832853,0.092736185,189,818,610329.478263251,210528.295030707,0.610655386,2,2,2
8184,167,189,820,610339.426197381,210531.851486863,0.086023253,189,819,610337.152683861,210533.524770801,0.235372046,2,2,2
8185,167,189,820,610339.634413103,210531.570165216,0.16583124,189,820,610339.426197381,210531.851486863,0.086023253,2,2,2
8187,167,189,820,610342.115433691,210531.46825787,0.343220046,189,820,610342.336099071,210530.34345335,0.449555336,2,2,2
8192,167,189,822,610353.843615131,210535.920367047,0.070710678,189,821,610353.681468526,210535.377737182,0.103923048,1,5,7
8200,167,189,824,610366.317136664,210532.680809515,0.311287648,189,824,610365.361077556,210533.741119262,0.192613603,1,4,16
8206,167,189,825,610231.912473893,210472.519928459,0.836062199,189,825,610226.286812468,210474.046237497,0.06164414,3,6,10
8207,167,189,826,610289.564291096,210530.353057771,0.242693222,189,825,610231.912473893,210472.519928459,0.836062199,1,5,7
8209,167,189,826,610291.697953253,210533.880920189,0.449555336,189,826,610288.135078626,210530.927488383,0.092736185,2,2,2
8210,167,189,826,610289.076730223,210534.369611114,0.103923048,189,826,610291.697953253,210533.880920189,0.449555336,2,2,2
8211,167,189,827,610284.601195082,210538.12045813,0.581807528,189,826,610289.076730223,210534.369611114,0.103923048,2,2,2
8214,167,189,828,610276.103192634,210546.294237468,0.160623784,189,827,610284.304840873,210544.219921273,0.436004587,2,2,2
8307,167,190,889,610259.864214328,210550.215198508,0.154272486,190,889,610258.504646566,210549.122043515,0.217715411,1,7,13
8318,167,190,892,610256.413235347,210549.226067492,0.351283361,190,892,610255.509122168,210549.010808648,0.373898382,1,7,13
8319,167,190,892,610255.2633469,210548.933981681,0.172046505,190,892,610256.413235347,210549.226067492,0.351283361,1,7,13
8320,167,190,892,610254.848234585,210548.65326721,0.155241747,190,892,610255.2633469,210548.933981681,0.172046505,1,7,13
8322,167,190,893,610261.820835796,210550.006493527,0.036055513,190,893,610260.702793867,210548.624983774,0.258263431,1,5,7
8323,167,190,893,610255.022365536,210548.312571324,0.147309199,190,893,610261.820835796,210550.006493527,0.036055513,1,5,7
8324,167,190,893,610264.782132764,210547.176354689,0.060827625,190,893,610255.022365536,210548.312571324,0.147309199,1,5,7
8325,167,190,894,610260.279646304,210547.653743507,0.014142136,190,893,610264.782132764,210547.176354689,0.060827625,1,5,7
8308,167,190,889,610256.831287206,210548.802846348,0.342198773,190,889,610259.864214328,210550.215198508,0.154272486,1,7,13
8326,167,190,894,610260.061615563,210548.048074422,0.087749644,190,894,610260.279646304,210547.653743507,0.014142136,1,5,7
8327,167,190,894,610255.124075923,210548.444199379,0.075498344,190,894,610260.061615563,210548.048074422,0.087749644,1,5,7
8331,167,190,895,610263.052658782,210547.774208838,0.16673332,190,895,610260.80604953,210548.88940513,0.034641016,1,7,13
8332,167,190,896,610261.000743337,210547.446135402,0.258263431,190,895,610263.052658782,210547.774208838,0.16673332,1,7,13
8333,167,190,896,610261.867523993,210548.279401775,0.059160798,190,896,610261.000743337,210547.446135402,0.258263431,1,7,13
8334,167,190,896,610258.896421851,210548.353818427,0.033166248,190,896,610261.867523993,210548.279401775,0.059160798,1,7,13
8335,167,190,896,610263.876319921,210546.815023159,0.058309519,190,896,610258.896421851,210548.353818427,0.033166248,1,7,13
8309,167,190,889,610256.904866697,210548.430117776,0.172336879,190,889,610256.831287206,210548.802846348,0.342198773,1,7,13
8337,167,190,897,610262.057497433,210548.343596858,0.053851648,190,897,610262.38574108,210547.855015624,0.117898261,1,5,7
8338,167,190,897,610263.932658719,210547.830374496,0.10198039,190,897,610262.057497433,210548.343596858,0.053851648,1,5,7
8339,167,190,897,610254.971821251,210547.795194202,0.275317998,190,897,610263.932658719,210547.830374496,0.10198039,1,7,13
8340,167,190,898,610263.516704604,210545.564140254,0.107238053,190,897,610254.971821251,210547.795194202,0.275317998,1,7,13
8342,167,190,898,610262.584066424,210546.723810949,0.053851648,190,898,610261.946670147,210547.42848773,0.169705627,1,7,13
8343,167,190,899,610262.782851494,210546.58868646,0.036055513,190,898,610262.584066424,210546.723810949,0.053851648,1,7,13
8344,167,190,900,610255.846939882,210551.258033994,0.165529454,190,899,610262.782851494,210546.58868646,0.036055513,1,7,13
8345,167,190,900,610255.151192627,210551.730971098,0.180277564,190,900,610255.846939882,210551.258033994,0.165529454,1,7,13
8346,167,190,900,610253.77739835,210552.284845374,0.092736185,190,900,610255.151192627,210551.730971098,0.180277564,1,7,13
8347,167,190,900,610254.184706814,210551.89495166,0.157797338,190,900,610253.77739835,210552.284845374,0.092736185,1,7,13
8348,167,190,901,610254.213768228,210551.522740891,0.08660254,190,900,610254.184706814,210551.89495166,0.157797338,1,7,13
8349,167,190,901,610254.506842995,210551.838078239,0.078740079,190,901,610254.213768228,210551.522740891,0.08660254,1,7,13
8350,167,190,901,610254.961608558,210550.74373081,0.169115345,190,901,610254.506842995,210551.838078239,0.078740079,1,7,13
8351,167,190,901,610256.118376941,210550.670504301,0.088317609,190,901,610254.961608558,210550.74373081,0.169115345,1,7,13
8311,167,190,890,610261.999609524,210548.151693919,0.045825757,190,890,610260.534229453,210548.487493256,0.224053565,1,7,13
8312,167,190,890,610255.812788944,210548.323295318,0.486929153,190,890,610261.999609524,210548.151693919,0.045825757,1,7,13
8313,167,190,890,610257.897316657,210549.540826547,0.100498756,190,890,610255.812788944,210548.323295318,0.486929153,1,7,13
8554,167,191,907,610253.930724217,210557.808025473,0.25,191,906,610251.915443942,210556.802189545,?,2,2,2
8556,167,191,907,610256.499701386,210555.699625393,0.192353841,191,907,610259.210506237,210552.387633,0.421188794,2,2,2
8558,167,191,908,610263.179236301,210553.868778453,0.017320508,191,907,610262.556372915,210553.90922998,0.237697286,2,2,2
12894,169,191,908,606794.87589024,211394.487389106,0.091104336,191,908,606795.105534674,211395.082766659,0.124498996,2,3,3
8545,167,191,904,610235.183326903,210549.911392961,0.178325545,191,904,610235.008272286,210549.216166155,0.253179778,2,2,2
8566,167,191,910,610280.370613165,210556.22532084,0.27513633,191,910,610274.457309818,210558.857394869,0.174642492,2,4,8
8567,167,191,911,610286.614863081,210554.293298615,0.602992537,191,910,610280.370613165,210556.22532084,0.27513633,2,4,8
8568,167,191,911,610292.564568141,210552.876029681,0.445196586,191,911,610286.614863081,210554.293298615,0.602992537,2,4,8
8569,167,191,911,610304.197704519,210556.811282468,0.787591265,191,911,610292.564568141,210552.876029681,0.445196586,2,4,8
8571,167,191,912,610316.918837583,210554.76404716,0.140356688,191,911,610312.571848616,210558.081763868,0.294278779,2,2,2
8546,167,191,904,610237.607083615,210547.758194814,0.191049732,191,904,610235.183326903,210549.911392961,0.178325545,2,2,2
8574,167,191,912,610323.961843126,210561.209677192,0.136381817,191,912,610320.12124924,210564.043385369,0.078740079,2,4,11
8577,167,191,913,610332.558190305,210567.225496734,0.247790234,191,913,610323.557397694,210573.319990411,0.067082039,1,5,7
8578,167,191,913,610325.570824074,210572.253994369,0.118743421,191,913,610332.558190305,210567.225496734,0.247790234,2,2,2
8580,167,191,914,610321.622643958,210566.801633354,0.465295605,191,914,610322.62097374,210570.32939192,0.424264069,2,2,2
8581,167,191,914,610314.644703752,210567.8590137,0.393700394,191,914,610321.622643958,210566.801633354,0.465295605,2,2,2
8582,167,191,915,610308.985218373,210568.389729819,0.328329103,191,914,610314.644703752,210567.8590137,0.393700394,2,3,3
8584,167,191,915,610306.174874729,210567.931046864,0.115758369,191,915,610307.318890507,210567.718514412,0.07,1,3,4
8585,167,191,915,610307.554077503,210566.885713156,0.033166248,191,915,610306.174874729,210567.931046864,0.115758369,2,2,2
8548,167,191,905,610240.581797925,210553.733323675,0.316701752,191,905,610237.95918905,210553.146268254,0.449332839,2,2,2
8549,167,191,905,610243.992973395,210555.127994625,0.69267597,191,905,610240.581797925,210553.733323675,0.316701752,2,2,2
8551,167,191,906,610252.630069059,210549.343137376,0.222934968,191,905,610247.093930812,210550.908333351,0.086023253,2,2,2
8709,167,192,962,610351.042960918,210544.904272476,0.3082207,192,950,610306.226344527,210519.74027328,0,2,2,2
8719,167,192,964,610342.965670816,210546.186902317,0.053851648,192,964,610342.090762318,210548.481401039,0.107238053,2,4,8
8722,167,192,965,610343.958234415,210539.654424168,0.261725047,192,965,610342.553112234,210545.169072344,0.27202941,2,4,8
8723,167,192,966,610339.824728694,210538.361143901,0.489285193,192,965,610343.958234415,210539.654424168,0.261725047,2,4,8
8724,167,192,966,610338.377002004,210533.51716799,0.600749532,192,966,610339.824728694,210538.361143901,0.489285193,2,4,8
8725,167,192,966,610335.966156939,210533.910440597,0.301496269,192,966,610338.377002004,210533.51716799,0.600749532,2,2,2
8726,167,192,966,610335.983099678,210531.539596663,0.328329103,192,966,610335.966156939,210533.910440597,0.301496269,2,2,2
8727,167,192,967,610336.683181558,210530.482258787,0.150996689,192,966,610335.983099678,210531.539596663,0.328329103,2,2,2
8710,167,192,962,610347.134726812,210548.621919068,0.05,192,962,610351.042960918,210544.904272476,0.3082207,2,2,2
8728,167,192,967,610333.545993372,210529.675413925,0.292745623,192,967,610336.683181558,210530.482258787,0.150996689,1,7,13
8734,167,192,968,610324.637704626,210530.330202505,0.347706773,192,968,610327.519802397,210526.431916538,0.313209195,1,3,4
8735,167,192,969,610325.584685749,210534.230430087,0.20904545,192,968,610324.637704626,210530.330202505,0.347706773,2,2,2
8736,167,192,969,610323.647947755,210531.364350872,0.26925824,192,969,610325.584685749,210534.230430087,0.20904545,2,2,2
8737,167,192,969,610326.338476705,210533.962681922,0.16673332,192,969,610323.647947755,210531.364350872,0.26925824,2,2,2
8711,167,192,962,610345.213183397,210551.84497911,0.436004587,192,962,610347.134726812,210548.621919068,0.05,2,2,2
8738,167,192,970,610329.344352078,210534.96362683,0.358608422,192,969,610326.338476705,210533.962681922,0.16673332,2,2,2
8740,167,192,970,610343.948572721,210539.780705255,0.555247692,192,970,610336.444004165,210537.67002612,0.124096736,2,8,14
8742,167,192,971,610351.720849603,210545.766282931,0.489693782,192,970,610347.58609758,210546.279227538,0.16881943,2,2,2
8747,167,192,972,610343.673664325,210563.025504362,0.086023253,192,972,610347.505603825,210559.448180563,0.325115364,2,2,2
8712,167,192,962,610344.783853716,210550.342591979,0.104880885,192,962,610345.213183397,210551.84497911,0.436004587,2,2,2
8751,167,192,973,610347.466658805,210555.145620793,0.238746728,192,973,610344.916765468,210560.806403488,0.450555213,2,2,2
8755,167,192,974,610333.541999202,210556.117816203,0.398998747,192,974,610344.434668037,210549.988070882,0.16583124,2,8,14
8756,167,192,974,610337.344177756,210556.677847514,0.278567766,192,974,610333.541999202,210556.117816203,0.398998747,1,3,4
8714,167,192,963,610340.530087879,210548.28042704,0.175499288,192,963,610342.510676267,210546.305084572,0.247386338,2,2,2
9097,167,195,606,610304.681597345,210571.607351945,0.466904701,195,605,610305.732402534,210570.081082528,0.458366665,2,4,8
9098,167,195,606,610299.942383578,210574.697240691,0.729588925,195,606,610304.681597345,210571.607351945,0.466904701,2,2,2
9099,167,195,606,610297.956856256,210574.335206225,0.136381817,195,606,610299.942383578,210574.697240691,0.729588925,2,2,2
9100,167,195,606,610293.094984362,210575.49413616,0.471805044,195,606,610297.956856256,210574.335206225,0.136381817,2,2,2
9101,167,195,607,610290.597424557,210575.131422084,0.050990195,195,606,610293.094984362,210575.49413616,0.471805044,2,2,2
9104,167,195,608,610281.912656452,210573.950906915,0.286705424,195,608,610283.894241408,210573.974321227,0.086023253,2,2,2
9105,167,195,608,610279.482029733,210574.556931724,0.240624188,195,608,610281.912656452,210573.950906915,0.286705424,2,2,2
9110,167,195,609,610269.917423403,210577.158493603,0.028284271,195,609,610272.868657118,210574.421427114,0.017320508,1,3,4
9111,167,195,610,610267.651576878,210578.532908354,0.311287648,195,609,610269.917423403,210577.158493603,0.028284271,2,2,2
9112,167,195,610,610263.256443123,210577.714165528,0.338526218,195,610,610267.651576878,210578.532908354,0.311287648,2,2,2
9113,167,195,611,610262.495929347,210577.404272517,0.192613603,195,610,610263.256443123,210577.714165528,0.338526218,1,3,4
9121,167,195,614,610256.456415085,210574.931246171,0.447437146,195,613,610254.274969729,210577.818733745,0.263818119,2,2,2
9123,167,195,615,610255.349262221,210572.573448314,0.114455231,195,614,610256.045556463,210576.928203423,0.106301458,1,3,6
9088,167,195,602,610260.713660387,210571.554755776,0.670745854,195,602,610264.461735438,210568.423258894,0.238327506,1,3,4
9125,167,195,616,610248.507423586,210566.198444212,0.464973118,195,615,610254.146892165,210570.641755097,?,1,3,4
9130,167,195,617,610236.452057012,210569.977823701,0.265706605,195,617,610239.79236209,210568.152617311,0.483425279,1,3,6
9131,167,195,617,610236.016694909,210570.826248908,0.367287353,195,617,610236.452057012,210569.977823701,0.265706605,2,2,2
9132,167,195,617,610231.384138284,210573.516500939,0.050990195,195,617,610236.016694909,210570.826248908,0.367287353,2,2,2
9089,167,195,603,610258.666003981,210577.329332399,0.091651514,195,602,610260.713660387,210571.554755776,0.670745854,1,3,4
9090,167,195,603,610255.395952938,210577.540059285,0.34190642,195,603,610258.666003981,210577.329332399,0.091651514,1,3,4
9091,167,195,604,610256.336934461,210578.05370961,0.170587221,195,603,610255.395952938,210577.540059285,0.34190642,2,2,2
9092,167,195,604,610259.108938542,210576.175355889,0.072111026,195,604,610256.336934461,210578.05370961,0.170587221,2,2,2
9093,167,195,605,610258.002178902,210577.675730472,0.034641016,195,604,610259.108938542,210576.175355889,0.072111026,2,2,2
9365,167,196,690,610206.322294884,210566.30432939,0.544609952,196,679,610223.433219854,210571.311406637,0.127279221,2,4,15
9506,167,197,695,610262.211469931,210588.344605997,0.078102497,197,694,610262.468916533,210588.467778921,0.141774469,1,7,13
9508,167,197,696,610262.575262764,210588.041543958,0.067082039,197,695,610262.461030106,210587.790532458,0.198746069,1,7,13
9509,167,197,696,610262.522940143,210588.32769782,0.120415946,197,696,610262.575262764,210588.041543958,0.067082039,1,7,13
9511,167,197,698,610262.622950638,210588.313252067,0.03,197,697,610261.388431202,210588.400674199,0.06,1,5,7
9512,167,197,698,610261.532804894,210588.372430691,0.113578167,197,698,610262.622950638,210588.313252067,0.03,1,1,1
9514,167,197,699,610263.779259026,210589.156420496,0.054772256,197,699,610260.91774657,210588.127251174,0.083666003,1,7,13
9515,167,197,700,610262.815166855,210588.569996005,0.09797959,197,699,610263.779259026,210589.156420496,0.054772256,1,7,13
9516,167,197,700,610262.921594816,210589.106642906,0.053851648,197,700,610262.815166855,210588.569996005,0.09797959,1,7,13
9517,167,197,701,610265.015329478,210590.158033299,0.19,197,700,610262.921594816,210589.106642906,0.053851648,1,7,13
9518,167,197,701,610263.134678241,210589.243613525,0.136747943,197,701,610265.015329478,210590.158033299,0.19,1,7,13
9521,167,197,703,610263.386712516,210588.90200948,0.11045361,197,702,610263.169995127,210588.452974353,0.328329103,1,7,13
9522,167,197,703,610262.885268313,210588.854724232,0.113578167,197,703,610263.386712516,210588.90200948,0.11045361,1,7,13
9524,167,197,704,610263.871387479,210589.420970441,0.130384048,197,704,610263.455808844,210589.10042196,0.081240384,1,7,13
9525,167,197,705,610264.254501038,210588.865341803,0.02236068,197,704,610263.871387479,210589.420970441,0.130384048,1,7,13
9528,167,197,707,610264.944918659,210589.846746547,0.15132746,197,706,610264.23348381,210589.928077613,0.080622577,1,7,13
9531,167,197,708,610265.894556737,210590.147794458,0.147986486,197,708,610264.936495417,210590.079264524,0.173205081,1,7,13
9532,167,197,709,610264.827129195,210589.290310489,0.161245155,197,708,610265.894556737,210590.147794458,0.147986486,1,7,13
9534,167,197,710,610266.171174272,210590.961362851,0.177200451,197,709,610266.129903963,210591.240747259,0.107703296,1,7,13
9535,167,197,710,610266.085772738,210591.274464022,0.222934968,197,710,610266.171174272,210590.961362851,0.177200451,1,7,13
9500,167,197,692,610262.73687405,210588.537704864,0.014142136,197,691,610262.380112817,210588.488734748,0.081240384,1,7,13
9538,167,197,712,610265.646388622,210590.821381733,0.083066239,197,711,610266.319099916,210590.282302428,0.20808652,1,7,13
9539,167,197,712,610265.965663466,210590.51883814,0.128452326,197,712,610265.646388622,210590.821381733,0.083066239,1,7,13
9541,167,197,714,610265.328346103,210590.273918353,0.108627805,197,713,610264.297399714,210589.681632242,0.188148877,1,7,13
9542,167,197,714,610265.776308021,210590.507762117,0.232808935,197,714,610265.328346103,210590.273918353,0.108627805,1,7,13
9501,167,197,692,610262.332502252,210588.223666298,0.122065556,197,692,610262.73687405,210588.537704864,0.014142136,1,7,13
9504,167,197,694,610261.895901865,210588.00961156,?,197,693,610262.797701703,210588.981914796,0.172046505,1,7,13
6336,167,181,727,610341.242164302,210513.808153764,0.244131112,181,726,610343.482949443,210516.019928249,0.164316767,1,5,7
6337,167,181,727,610343.43091766,210510.588640182,0.028284271,181,727,610341.242164302,210513.808153764,0.244131112,2,8,14
6338,167,181,727,610346.492700933,210508.740191798,0.041231056,181,727,610343.43091766,210510.588640182,0.028284271,2,8,14
6339,167,181,727,610347.415751537,210508.669694071,0.486106984,181,727,610346.492700933,210508.740191798,0.041231056,2,8,14
6340,167,181,728,610355.440605838,210504.791326924,0.4982971,181,727,610347.415751537,210508.669694071,0.486106984,2,8,14
6343,167,181,728,610357.856818108,210501.987529819,0.107703296,181,728,610357.964638822,210501.687456575,0.053851648,1,1,1
6344,167,181,729,610358.611382913,210501.786183814,0.199499373,181,728,610357.856818108,210501.987529819,0.107703296,1,1,1
6345,167,181,729,610359.431798136,210501.504387023,0.046904158,181,729,610358.611382913,210501.786183814,0.199499373,1,1,1
6346,167,181,729,610358.436013432,210502.020638068,0.29189039,181,729,610359.431798136,210501.504387023,0.046904158,1,1,1
6347,167,181,729,610359.37792637,210501.657743364,0.123693169,181,729,610358.436013432,210502.020638068,0.29189039,1,1,1
6349,167,181,730,610369.490725979,210497.376618454,0.82176639,181,730,610359.474128831,210503.230407559,0.282311884,2,8,14
6350,167,181,730,610383.707200295,210493.738406284,0.720347139,181,730,610369.490725979,210497.376618454,0.82176639,2,8,14
6351,167,181,731,610388.40252036,210488.783211113,0.222934968,181,730,610383.707200295,210493.738406284,0.720347139,1,5,7
6353,167,181,731,610378.775478523,210497.507726962,0.518748494,181,731,610385.370324958,210496.049851139,0.033166248,2,8,14
6356,167,181,732,610374.811304837,210497.374524207,0.391024296,181,732,610385.893530001,210493.181757497,0.567890835,2,8,14
6358,167,181,733,610366.875828478,210498.409723572,0.197484177,181,732,610371.544722878,210497.883971664,0.417731971,2,8,14
6362,167,181,734,610378.414701761,210502.857449153,1.033440855,181,733,610385.597581874,210499.320924798,0.503090449,2,8,14
6366,167,181,735,610369.582681366,210498.584105678,0.114017543,181,735,610375.140108081,210495.976215059,0.632060124,2,8,14
6382,167,181,742,610380.050004549,210519.047664087,0.11,181,741,610376.282834166,210511.926475986,0.102956301,2,4,15
6385,167,181,743,610382.218792488,210517.94005387,0.260192237,181,743,610382.195597328,210518.816856774,0.07,2,4,15
6386,167,181,744,610380.529084416,210514.300843024,0.06,181,743,610382.218792488,210517.94005387,0.260192237,2,4,15
11133,169,182,778,610323.020388439,210690.564075563,0.046904158,182,778,610323.77602975,210690.455652534,0.179722008,2,8,14
11140,169,182,780,610322.987256021,210694.402666069,0.562405548,182,780,610322.502338824,210691.001751353,0.471699057,2,8,14
11142,169,182,781,610324.880813771,210697.375433829,0.078102497,182,780,610327.31868145,210696.437242488,1.014938422,2,2,2
11143,169,182,781,610326.008323088,210695.748639745,0.07,182,781,610324.880813771,210697.375433829,0.078102497,2,2,2
11144,169,182,781,610327.220091871,210697.527432439,0.164316767,182,781,610326.008323088,210695.748639745,0.07,2,2,2
11145,169,182,782,610324.552584662,210695.001968425,0.145602198,182,781,610327.220091871,210697.527432439,0.164316767,2,2,2
11146,169,182,782,610324.613165453,210691.607971692,0.054772256,182,782,610324.552584662,210695.001968425,0.145602198,2,2,2
11148,169,182,782,610324.822766089,210691.446154614,0.12328828,182,782,610323.299139826,210692.513127817,0.122474487,2,2,2
11150,169,182,783,610327.287516644,210689.949851932,0.156524758,182,783,610324.070842986,210691.87327791,0.133416641,1,4,5
11151,169,182,783,610328.899349299,210692.627083808,0.490509939,182,783,610327.287516644,210689.949851932,0.156524758,1,5,7
11154,169,182,784,610326.351659924,210690.830673717,0.300832179,182,784,610326.669534214,210690.408614596,0.033166248,1,5,7
11155,169,182,785,610324.883680814,210691.896997169,0.284429253,182,784,610326.351659924,210690.830673717,0.300832179,2,2,2
11156,169,182,785,610324.102320003,210692.663128954,0.160312195,182,785,610324.883680814,210691.896997169,0.284429253,2,2,2
11157,169,182,785,610323.600100002,210692.549459489,0.137477271,182,785,610324.102320003,210692.663128954,0.160312195,2,2,2
11158,169,182,786,610318.512158161,210689.594034144,0.287576077,182,785,610323.600100002,210692.549459489,0.137477271,2,2,2
11162,169,182,787,610318.336540896,210688.852347206,0.14525839,182,786,610318.118211934,210689.220121643,0.128452326,2,2,2
282,166,182,787,610246.280101197,210502.952809271,0.14525839,182,777,610229.011750316,210482.481354313,0.318433667,2,2,2
11165,169,182,787,610329.889201294,210690.649952697,0.14525839,182,787,610335.167018983,210689.844645788,1.393197761,2,2,2
11167,169,182,788,610329.069082189,210690.002112842,0.036055513,182,788,610328.649106217,210690.25935081,0.252586619,2,2,2
11168,169,182,788,610330.329837706,210688.347205585,0.37067506,182,788,610329.069082189,210690.002112842,0.036055513,2,2,2
11169,169,182,789,610333.150393334,210688.726010437,?,182,788,610330.329837706,210688.347205585,0.37067506,2,2,2
11127,169,182,777,610323.169074527,210689.951415751,0.12,182,776,610323.214109917,210689.041143103,0.14,1,5,7
11130,169,182,777,610323.573090738,210691.18847406,0.170293864,182,777,610322.739958326,210689.42518265,0.090553851,1,5,7
11131,169,182,778,610322.396726655,210689.58191819,0.141774469,182,777,610323.573090738,210691.18847406,0.170293864,1,5,7
11752,169,186,678,610353.868794635,210668.045008299,0.16881943,186,678,610355.493850755,210668.039338005,0.227596134,2,8,14
11764,169,186,681,610348.207966866,210670.368778915,0.378549865,186,681,610348.287633263,210669.56435473,0.247184142,1,5,7
11765,169,186,682,610348.761497452,210670.109986181,1.176690274,186,681,610348.207966866,210670.368778915,0.378549865,1,1,1
11766,169,186,682,610348.795505293,210670.162713209,0.093808315,186,682,610348.761497452,210670.109986181,1.176690274,1,5,7
11770,169,186,683,610349.319307737,210671.172593915,0.175499288,186,683,610347.186069763,210670.553348497,0.024494897,1,5,7
11773,169,186,684,610338.243567023,210674.954022899,0.078102497,186,683,610344.362898794,210667.086750566,0.151657509,1,1,1
11775,169,186,684,610349.049180775,210670.916766555,0.014142136,186,684,610350.153552668,210671.123021813,0.273678644,1,1,1
11776,169,186,685,610349.181319664,210669.839471935,0.104403065,186,684,610349.049180775,210670.916766555,0.014142136,1,1,1
11777,169,186,685,610347.347746251,210670.099911917,0.211187121,186,685,610349.181319664,210669.839471935,0.104403065,1,1,1
11778,169,186,686,610348.984804454,210671.123371426,0.09797959,186,685,610347.347746251,210670.099911917,0.211187121,1,1,1
11779,169,186,686,610334.826402095,210676.866491914,0.01,186,686,610348.984804454,210671.123371426,0.09797959,1,1,1
11750,169,186,678,610354.391259852,210667.985791807,0.200249844,186,677,610353.489154102,210667.943188448,0.140712473,1,1,1
11751,169,186,678,610355.493850755,210668.039338005,0.227596134,186,678,610354.391259852,210667.985791807,0.200249844,1,1,1
11810,169,186,696,610352.73076582,210669.725032551,0.144568323,186,695,610351.452426493,210669.872749833,0.260959767,2,4,15
11811,169,186,696,610350.384597075,210668.982101595,0.12083046,186,696,610352.73076582,210669.725032551,0.144568323,2,4,15
11812,169,186,696,610349.638747888,210668.021293536,0.380919939,186,696,610350.384597075,210668.982101595,0.12083046,2,4,15
11815,169,186,697,610352.475134316,210667.848766595,0.092736185,186,697,610350.530421032,210668.123782667,0.078102497,1,4,16
11817,169,186,703,610351.364671644,210671.892470366,0.170587221,186,703,610353.148461622,210671.181059973,0.01,1,4,16
11820,169,186,705,610354.134874838,210666.999355119,0.156524758,186,704,610353.899126889,210669.691485534,0.433128157,2,4,15
11804,169,186,693,610348.730354612,210670.302922563,0.179722008,186,692,610348.136002135,210669.924707674,0.099498744,1,4,5
11805,169,186,693,610349.485454408,210670.148026368,0.450111097,186,693,610348.730354612,210670.302922563,0.179722008,1,4,5
12214,169,188,738,610351.918554487,210673.572685003,0.046904158,188,738,610354.138660315,210674.004982736,0.02,1,5,7
12305,169,188,764,610141.974900511,210784.922812513,15.38333514,188,764,610337.632587535,210680.784841444,2.374363072,3,6,10
12307,169,188,765,609696.566044161,211040.308072126,14.72562732,188,764,609924.603434579,210905.261888817,15.51301389,3,6,10
12220,169,188,740,610352.963506344,210674.410475176,0.20880613,188,740,610355.348717443,210675.637700222,0.306920185,2,4,11
12223,169,188,741,610350.034997557,210678.136722857,0.15132746,188,741,610350.800153602,210675.026707003,0.240624188,2,4,15
12206,169,188,736,610355.686950278,210673.143588323,0.111803399,188,736,610349.478701929,210679.112717746,0.319687347,1,5,7
12227,169,188,742,610348.574960845,210681.792722153,0.154272486,188,742,610354.015173776,210674.869681146,0.158429795,1,5,7
12232,169,188,743,610350.674100865,210678.534335966,0.162480768,188,743,610348.730053225,210680.774923414,0.070710678,1,5,7
12233,169,188,744,610351.465199478,210677.648568998,0.125698051,188,743,610350.674100865,210678.534335966,0.162480768,1,5,7
12207,169,188,737,610355.347047833,210673.585821993,0.054772256,188,736,610355.686950278,210673.143588323,0.111803399,1,5,7
12235,169,188,744,610350.238193258,210678.380049545,0.152643375,188,744,610351.624043431,210675.043659518,0.202484567,1,5,7
12236,169,188,744,610351.023638614,210677.009595485,0.170293864,188,744,610350.238193258,210678.380049545,0.152643375,1,5,7
12237,169,188,745,610351.045145375,210677.899165168,0.243515913,188,744,610351.023638614,210677.009595485,0.170293864,1,5,7
12238,169,188,745,610351.972442292,210674.375550996,0.244540385,188,745,610351.045145375,210677.899165168,0.243515913,1,5,7
12241,169,188,746,610350.369810689,210678.21250304,0.137477271,188,745,610351.146959305,210678.993652136,0.229782506,1,5,7
12243,169,188,746,610350.489314365,210678.91499712,0.064031242,188,746,610349.425710496,210680.29533667,0.186815417,1,5,7
12208,169,188,737,610355.368687257,210673.532446047,0.151657509,188,737,610355.347047833,210673.585821993,0.054772256,1,5,7
12245,169,188,747,610353.375085817,210675.341978068,0.100498756,188,747,610348.997214883,210679.822222084,0.298496231,1,5,7
12246,169,188,747,610353.294568547,210676.073366511,0.115758369,188,747,610353.375085817,210675.341978068,0.100498756,1,5,7
12249,169,188,748,610353.235879223,210674.858848942,0.306920185,188,748,610350.576623837,210677.811663631,0.12083046,1,5,7
12253,169,188,749,610352.231870975,210676.577154633,0.03,188,749,610351.292349836,210676.189685793,0.130384048,1,5,7
12209,169,188,737,610355.430043445,210673.066899265,0.059160798,188,737,610355.368687257,210673.532446047,0.151657509,1,5,7
12254,169,188,749,610351.440130461,210676.45358019,0.081240384,188,749,610352.231870975,210676.577154633,0.03,1,5,7
12255,169,188,750,610351.470885848,210676.227446134,0.037416574,188,749,610351.440130461,210676.45358019,0.081240384,1,5,7
12258,169,188,750,610351.920323525,210676.587428862,0.064031242,188,750,610351.49624241,210676.492768428,0.02236068,1,5,7
12259,169,188,751,610351.314841079,210676.209344819,0.107703296,188,750,610351.920323525,210676.587428862,0.064031242,1,5,7
12260,169,188,751,610350.916426292,210676.40656486,?,188,751,610351.314841079,210676.209344819,0.107703296,1,5,7
12261,169,188,751,610350.939691948,210676.492619373,0.048989795,188,751,610350.916426292,210676.40656486,?,1,5,7
12262,169,188,752,610351.249768017,210676.356193734,0.140712473,188,751,610350.939691948,210676.492619373,0.048989795,1,5,7
12263,169,188,752,610351.313989231,210676.136309791,0.041231056,188,752,610351.249768017,210676.356193734,0.140712473,1,5,7
12210,169,188,737,610353.554064696,210674.463351412,0.033166248,188,737,610355.430043445,210673.066899265,0.059160798,1,4,16
12264,169,188,752,610350.885825797,210676.645978041,0.07,188,752,610351.313989231,210676.136309791,0.041231056,1,5,7
12265,169,188,752,610351.126879307,210676.317784349,0.091104336,188,752,610350.885825797,210676.645978041,0.07,1,5,7
12268,169,188,753,610351.372114641,210676.348126281,0.064031242,188,753,610351.626930616,210676.245547448,0.041231056,1,5,7
12271,169,188,754,610351.565264971,210676.684536453,0.083666003,188,754,610351.094033013,210676.364650616,0.145945195,1,5,7
12272,169,188,754,610352.676374596,210677.468430774,0.014142136,188,754,610351.565264971,210676.684536453,0.083666003,1,5,7
12274,169,188,755,610350.483306632,210676.491302027,0.128452326,188,754,610352.361032471,210677.153367278,0.099498744,1,5,7
12275,169,188,755,610350.543810687,210675.952719688,0.100498756,188,755,610350.483306632,210676.491302027,0.128452326,1,5,7
12276,169,188,755,610349.975278922,210675.879665326,?,188,755,610350.543810687,210675.952719688,0.100498756,1,5,7
12277,169,188,756,610350.682221025,210675.413228712,0.058309519,188,755,610349.975278922,210675.879665326,?,1,5,7
12278,169,188,756,610350.402612532,210676.25318692,0.06,188,756,610350.682221025,210675.413228712,0.058309519,1,5,7
12281,169,188,757,610351.156318211,210675.978777958,0.083666003,188,756,610351.144104585,210675.88595409,0.036055513,1,5,7
12282,169,188,757,610350.295422307,210676.606381135,0.03,188,757,610351.156318211,210675.978777958,0.083666003,1,5,7
12285,169,188,758,610350.42944048,210676.64466071,0.037416574,188,758,610350.331598583,210676.845015485,0.03,1,5,7
12286,169,188,758,610350.370540646,210676.366448687,0.114455231,188,758,610350.42944048,210676.64466071,0.037416574,1,5,7
12289,169,188,759,610350.149710603,210675.565529556,0.03,188,759,610351.657531132,210676.006134307,0.037416574,1,5,7
12290,169,188,760,610349.992448758,210676.39742041,0.053851648,188,759,610350.149710603,210675.565529556,0.03,1,5,7
12292,169,188,760,610349.872657696,210676.624593018,0.037416574,188,760,610349.231485729,210677.003936859,0.034641016,1,5,7
12213,169,188,738,610354.138660315,210674.004982736,0.02,188,738,610352.694540775,210674.25424139,0.155241747,1,5,7
12295,169,188,761,610348.733016668,210675.303153958,0.150996689,188,761,610350.120968633,210675.964291963,0.017320508,1,4,5
12296,169,188,762,610350.5345398,210676.112198676,0.086023253,188,761,610348.733016668,210675.303153958,0.150996689,1,4,5
12297,169,188,762,610349.239384852,210677.681171058,0.092736185,188,762,610350.5345398,210676.112198676,0.086023253,1,5,7
12298,169,188,762,610350.141545899,210676.774187219,0.050990195,188,762,610349.239384852,210677.681171058,0.092736185,1,5,7
12299,169,188,762,610350.197115759,210676.766898617,0.075498344,188,762,610350.141545899,210676.774187219,0.050990195,1,5,7
12300,169,188,763,610350.619338279,210676.702209878,0.083666003,188,762,610350.197115759,210676.766898617,0.075498344,1,5,7
12301,169,188,763,610350.023668793,210676.211123585,0.115758369,188,763,610350.619338279,210676.702209878,0.083666003,1,5,7
12302,169,188,763,610349.744912302,210677.124117009,0.064031242,188,763,610350.023668793,210676.211123585,0.115758369,1,5,7
12794,169,191,881,610350.386251064,210673.896017096,0.100498756,191,881,610350.272555899,210673.691489099,0.06164414,2,2,2
12799,169,191,883,610349.683856058,210673.797961928,0.14525839,191,882,610349.992073711,210673.502187234,0.05,1,3,6
12800,169,191,883,610350.176494946,210674.04455346,0.235796522,191,883,610349.683856058,210673.797961928,0.14525839,1,3,6
12802,169,191,883,610349.736504883,210674.494595491,0.100498756,191,883,610348.672202778,210675.815178284,0.12083046,2,2,2
12803,169,191,884,610351.051519279,210672.719538546,0.041231056,191,883,610349.736504883,210674.494595491,0.100498756,2,2,2
12804,169,191,884,610348.915613541,210673.780360165,0.03,191,884,610351.051519279,210672.719538546,0.041231056,2,2,2
12805,169,191,884,610348.51712122,210673.970940544,0.125698051,191,884,610348.915613541,210673.780360165,0.03,2,2,2
12806,169,191,884,610349.396172247,210672.991181829,0.102956301,191,884,610348.51712122,210673.970940544,0.125698051,2,2,2
12807,169,191,885,610349.543621623,210672.272293151,0.014142136,191,884,610349.396172247,210672.991181829,0.102956301,2,2,2
12812,169,191,886,610350.434795673,210674.240754444,0.078102497,191,886,610349.286237233,210675.017802471,0.01,2,2,2
12813,169,191,886,610349.314127458,210674.546004943,0.071414284,191,886,610350.434795673,210674.240754444,0.078102497,2,2,2
12815,169,191,887,610348.834687267,210673.52232628,0.118743421,191,887,610348.969733695,210674.603145316,0.03,2,2,2
12816,169,191,887,610348.953760221,210672.279172548,0.139283883,191,887,610348.834687267,210673.52232628,0.118743421,2,2,2
12817,169,191,887,610348.789993172,210672.553341162,0.09486833,191,887,610348.953760221,210672.279172548,0.139283883,2,2,2
12819,169,191,888,610334.693993927,210669.331097948,1.280039062,191,888,610350.08350285,210669.888714547,0.11045361,2,2,2
12826,169,191,890,610332.698687472,210670.994565166,0.306757233,191,890,610331.611837101,210673.245081736,0.066332496,1,5,7
12827,169,191,890,610332.230940426,210670.973458316,0.024494897,191,890,610332.698687472,210670.994565166,0.306757233,1,5,7
12787,169,191,879,610349.0300616,210673.095058551,0.206639783,191,879,610347.895398698,210673.154775209,0.064031242,2,2,2
12789,169,191,880,610350.426144236,210674.453349826,0.261916017,191,880,610349.592884441,210673.633011595,0.15,2,2,2
12790,169,191,880,610349.915815265,210674.598751409,0.187082869,191,880,610350.426144236,210674.453349826,0.261916017,1,3,6
13124,169,192,868,610351.743336338,210676.682459488,0.01,192,857,610354.212363504,210672.689314587,0.041231056,1,5,7
13137,169,192,875,610355.207940347,210674.065556505,0.200249844,192,875,610353.9849604,210675.142291883,0.01,1,1,1
13139,169,192,876,610354.011843909,210674.584180741,0.041231056,192,876,610352.361818533,210674.35772873,0.144222051,1,1,1
13140,169,192,876,610354.190689664,210674.648499294,0.036055513,192,876,610354.011843909,210674.584180741,0.041231056,1,1,1
13141,169,192,877,610353.888258266,210674.486015434,0.204450483,192,876,610354.190689664,210674.648499294,0.036055513,1,1,1
13142,169,192,877,610353.05494262,210674.615262651,0.041231056,192,877,610353.888258266,210674.486015434,0.204450483,1,1,1
13125,169,192,871,610352.671606621,210675.150969539,0.06164414,192,868,610351.743336338,210676.682459488,0.01,1,5,7
13143,169,192,877,610352.164331864,210673.649503898,0.074833148,192,877,610353.05494262,210674.615262651,0.041231056,1,1,1
13144,169,192,877,610353.715276188,210673.970078025,0.08660254,192,877,610352.164331864,210673.649503898,0.074833148,1,1,1
8701,167,192,878,610377.457707435,210475.111670928,0.412431813,192,867,610334.315031238,210499.133591642,0.244948974,1,1,1
13146,169,192,878,610353.814124893,210673.856037531,0.150996689,192,878,610353.161203736,210674.182394138,0.053851648,2,8,14
13151,169,192,879,610331.494468036,210674.634310663,0.09486833,192,879,610333.005209343,210674.370992986,0.374966665,2,2,2
13126,169,192,871,610352.964379934,210675.439734577,0.014142136,192,871,610352.671606621,210675.150969539,0.06164414,1,5,7
13154,169,192,880,610330.44702609,210676.446097319,0.042426407,192,880,610331.577219386,210676.957513075,0.050990195,2,2,2
13156,169,192,881,610332.349345598,210674.445047181,0.144568323,192,880,610331.39866133,210675.963523865,0.16643317,2,2,2
13158,169,192,881,610332.046217289,210674.222806355,0.173781472,192,881,610330.253234392,210675.100340062,0.274772633,2,2,2
13159,169,192,881,610330.953383644,210675.0058478,0.037416574,192,881,610332.046217289,210674.222806355,0.173781472,2,2,2
13127,169,192,872,610353.851716631,210675.170407743,0.144913767,192,871,610352.964379934,210675.439734577,0.014142136,1,5,7
13164,169,192,883,610331.4536456,210673.997300812,0.102469508,192,882,610329.615469697,210675.771826627,0.07,2,2,2
13166,169,192,883,610330.67992664,210674.464517842,0.157797338,192,883,610329.117354424,210676.010053222,0.339705755,2,2,2
13167,169,192,883,610329.520161402,210675.235059238,0.203960781,192,883,610330.67992664,210674.464517842,0.157797338,1,5,7
13169,169,192,884,610330.235290322,210674.516187059,0.111803399,192,884,610329.988373101,210675.296003157,0.115758369,1,1,1
13170,169,192,884,610330.14999352,210675.792154181,0.11045361,192,884,610330.235290322,210674.516187059,0.111803399,1,1,1
13171,169,192,885,610330.881573367,210674.575054163,0.072111026,192,884,610330.14999352,210675.792154181,0.11045361,1,1,1
13128,169,192,873,610352.692316757,210675.017919002,0.098994949,192,872,610353.851716631,210675.170407743,0.144913767,1,5,7
13129,169,192,873,610352.279055377,210674.896570454,?,192,873,610352.692316757,210675.017919002,0.098994949,1,5,7
13130,169,192,874,610354.031491668,210675.314400807,0.120415946,192,873,610352.279055377,210674.896570454,?,1,1,1
13132,169,192,874,610353.424228224,210674.783607241,0.104880885,192,874,610352.528007786,210675.245610676,0.221359436,1,1,1
13427,169,194,996,610352.157250824,210674.951114697,0.233452351,194,976,610355.888684237,210677.079019341,0.06164414,1,5,7
